{
  "config_key": "anthropic_claude-sonnet-4-5_off",
  "label": "Anthropic claude-sonnet-4-5",
  "model1": {
    "type": "fixed_effects_logit",
    "coefficients": {
      "intercept": {
        "estimate": -26.447553,
        "se": 1087.121416,
        "z": -0.0243,
        "p": 0.98059093,
        "or": 3.26568029e-12,
        "or_ci_lo": 0,
        "or_ci_hi": "Inf",
        "sig": ""
      },
      "infection_pct": {
        "estimate": 3.091302,
        "se": 0.086879,
        "z": 35.5816,
        "p": 2.70169514e-277,
        "or": 22.00570653,
        "or_ci_lo": 18.56017854,
        "or_ci_hi": 26.09086539,
        "sig": "***"
      },
      "infection_pct_sq": {
        "estimate": -0.297153,
        "se": 0.011741,
        "z": -25.3097,
        "p": 2.50039474e-141,
        "or": 0.74293044,
        "or_ci_lo": 0.72602952,
        "or_ci_hi": 0.76022479,
        "sig": "***"
      }
    },
    "fit": {
      "aic": 6092.94,
      "bic": 6899.1,
      "n": 20000,
      "deviance": 5888.94,
      "null_deviance": 25085.32,
      "pseudo_r2": 0.7652
    }
  },
  "model2": {
    "type": "random_effects_logit",
    "coefficients": {
      "intercept": {
        "estimate": -7.465329,
        "se": 1.196373,
        "z": -6.24,
        "p": 4.37665737e-10,
        "or": 0.0005726,
        "or_ci_lo": 0.00005489,
        "or_ci_hi": 0.00597341,
        "sig": "***"
      },
      "infection_pct": {
        "estimate": 3.074531,
        "se": 0.085845,
        "z": 35.8151,
        "p": 6.42671837e-281,
        "or": 21.63972888,
        "or_ci_lo": 18.28855876,
        "or_ci_hi": 25.60496275,
        "sig": "***"
      },
      "infection_pct_sq": {
        "estimate": -0.296314,
        "se": 0.011607,
        "z": -25.5294,
        "p": 9.30946346e-144,
        "or": 0.74355427,
        "or_ci_lo": 0.7268299,
        "or_ci_hi": 0.76066346,
        "sig": "***"
      },
      "male": {
        "estimate": -0.652252,
        "se": 0.53282,
        "z": -1.2242,
        "p": 0.22089554,
        "or": 0.52087128,
        "or_ci_lo": 0.18330929,
        "or_ci_hi": 1.48004987,
        "sig": ""
      },
      "extraverted": {
        "estimate": -5.40831,
        "se": 0.558322,
        "z": -9.6867,
        "p": 3.43398745e-22,
        "or": 0.0044792,
        "or_ci_lo": 0.0014995,
        "or_ci_hi": 0.01337994,
        "sig": "***"
      },
      "agreeable": {
        "estimate": 2.943503,
        "se": 0.536383,
        "z": 5.4877,
        "p": 4.07221245e-08,
        "or": 18.98222389,
        "or_ci_lo": 6.63389914,
        "or_ci_hi": 54.31569223,
        "sig": "***"
      },
      "conscientious": {
        "estimate": 7.755397,
        "se": 0.578669,
        "z": 13.4021,
        "p": 5.8754726e-41,
        "or": 2334.13577952,
        "or_ci_lo": 750.84972178,
        "or_ci_hi": 7256.03230474,
        "sig": "***"
      },
      "emot_stable": {
        "estimate": -5.706562,
        "se": 0.578682,
        "z": -9.8613,
        "p": 6.12477438e-23,
        "or": 0.00332408,
        "or_ci_lo": 0.00106927,
        "or_ci_hi": 0.0103337,
        "sig": "***"
      },
      "open_to_exp": {
        "estimate": 0.184707,
        "se": 0.530293,
        "z": 0.3483,
        "p": 0.72760638,
        "or": 1.20286603,
        "or_ci_lo": 0.42542474,
        "or_ci_hi": 3.40104027,
        "sig": ""
      },
      "age": {
        "estimate": -0.000932,
        "se": 0.019791,
        "z": -0.0471,
        "p": 0.9624203,
        "or": 0.99906797,
        "or_ci_lo": 0.96105647,
        "or_ci_hi": 1.03858288,
        "sig": ""
      }
    },
    "fit": {
      "aic": 6239.4,
      "bic": 6326.34,
      "n": 20000,
      "n_groups": 100,
      "re_variance": 4.411083
    },
    "warning": {}
  }
}
