{
  "config_key": "anthropic_claude-3-haiku-20240307_off",
  "label": "Anthropic claude-3-haiku-20240307",
  "model1": {
    "type": "fixed_effects_logit",
    "coefficients": {
      "intercept": {
        "estimate": 2.082682,
        "se": 0.461499,
        "z": 4.5129,
        "p": 6.39584717e-06,
        "or": 8.02596685,
        "or_ci_lo": 3.24833919,
        "or_ci_hi": 19.8304857,
        "sig": "***"
      },
      "infection_pct": {
        "estimate": 1.553565,
        "se": 0.060037,
        "z": 25.8767,
        "p": 1.21724607e-147,
        "or": 4.72829882,
        "or_ci_lo": 4.20339561,
        "or_ci_hi": 5.31874985,
        "sig": "***"
      },
      "infection_pct_sq": {
        "estimate": -0.180282,
        "se": 0.009604,
        "z": -18.7725,
        "p": 1.26811242e-78,
        "or": 0.83503454,
        "or_ci_lo": 0.81946375,
        "or_ci_hi": 0.85090119,
        "sig": "***"
      }
    },
    "fit": {
      "aic": 7473.09,
      "bic": 8279.25,
      "n": 20000,
      "deviance": 7269.09,
      "null_deviance": 12463.31,
      "pseudo_r2": 0.4168
    }
  },
  "model2": {
    "type": "random_effects_logit",
    "coefficients": {
      "intercept": {
        "estimate": 1.73487,
        "se": 0.559833,
        "z": 3.0989,
        "p": 0.00194237,
        "or": 5.66819237,
        "or_ci_lo": 1.89192924,
        "or_ci_hi": 16.98182156,
        "sig": "**"
      },
      "infection_pct": {
        "estimate": 1.524509,
        "se": 0.059052,
        "z": 25.8163,
        "p": 5.8246597e-147,
        "or": 4.59288814,
        "or_ci_lo": 4.09090646,
        "or_ci_hi": 5.15646633,
        "sig": "***"
      },
      "infection_pct_sq": {
        "estimate": -0.176984,
        "se": 0.009465,
        "z": -18.6981,
        "p": 5.12533702e-78,
        "or": 0.83779345,
        "or_ci_lo": 0.822394,
        "or_ci_hi": 0.85348126,
        "sig": "***"
      },
      "male": {
        "estimate": 0.725791,
        "se": 0.252653,
        "z": 2.8727,
        "p": 0.00407004,
        "or": 2.06636508,
        "or_ci_lo": 1.25934481,
        "or_ci_hi": 3.39054453,
        "sig": "**"
      },
      "extraverted": {
        "estimate": -1.422268,
        "se": 0.258768,
        "z": -5.4963,
        "p": 3.87806697e-08,
        "or": 0.24116631,
        "or_ci_lo": 0.14522762,
        "or_ci_hi": 0.40048298,
        "sig": "***"
      },
      "agreeable": {
        "estimate": 0.070956,
        "se": 0.250202,
        "z": 0.2836,
        "p": 0.77672086,
        "or": 1.07353403,
        "or_ci_lo": 0.6574148,
        "or_ci_hi": 1.75304134,
        "sig": ""
      },
      "conscientious": {
        "estimate": 0.801296,
        "se": 0.256647,
        "z": 3.1222,
        "p": 0.00179523,
        "or": 2.22842644,
        "or_ci_lo": 1.34752214,
        "or_ci_hi": 3.6851969,
        "sig": "**"
      },
      "emot_stable": {
        "estimate": -0.685912,
        "se": 0.258675,
        "z": -2.6516,
        "p": 0.00801037,
        "or": 0.50363056,
        "or_ci_lo": 0.30333537,
        "or_ci_hi": 0.83618253,
        "sig": "**"
      },
      "open_to_exp": {
        "estimate": -0.05319,
        "se": 0.254919,
        "z": -0.2087,
        "p": 0.83471775,
        "or": 0.94819969,
        "or_ci_lo": 0.57531807,
        "or_ci_hi": 1.56275756,
        "sig": ""
      },
      "age": {
        "estimate": 0.001389,
        "se": 0.009232,
        "z": 0.1504,
        "p": 0.88044496,
        "or": 1.00138956,
        "or_ci_lo": 0.983432,
        "or_ci_hi": 1.01967502,
        "sig": ""
      }
    },
    "fit": {
      "aic": 7627.32,
      "bic": 7714.26,
      "n": 20000,
      "n_groups": 100,
      "re_variance": 1.344971
    },
    "warning": {}
  },
  "model3": {
    "type": "mention_interaction_logit",
    "formula": "stay_home ~ infection_pct + I(infection_pct^2) + male + extraverted + agreeable + conscientious + emot_stable + open_to_exp + age_years + mentioned_ext + mentioned_agr + mentioned_con + mentioned_neu + mentioned_ope + mentioned_infection + mentioned_age + extraverted:mentioned_ext + agreeable:mentioned_agr + conscientious:mentioned_con + emot_stable:mentioned_neu + (1 | agent_id)",
    "coefficients": {
      "intercept": {
        "estimate": -6.88938,
        "se": 1.660839,
        "z": -4.1481,
        "p": 0.00003352,
        "or": 0.00101855,
        "or_ci_lo": 0.00003929,
        "or_ci_hi": 0.02640675,
        "sig": "***"
      },
      "infection_pct": {
        "estimate": 1.999291,
        "se": 0.077519,
        "z": 25.791,
        "p": 1.12000688e-146,
        "or": 7.38381657,
        "or_ci_lo": 6.34300934,
        "or_ci_hi": 8.59540705,
        "sig": "***"
      },
      "infection_pct_sq": {
        "estimate": -0.231024,
        "se": 0.01168,
        "z": -19.7787,
        "p": 4.54039138e-87,
        "or": 0.79372018,
        "or_ci_lo": 0.77575543,
        "or_ci_hi": 0.81210095,
        "sig": "***"
      },
      "male": {
        "estimate": 0.642365,
        "se": 0.419829,
        "z": 1.5301,
        "p": 0.12600057,
        "or": 1.90097227,
        "or_ci_lo": 0.83485353,
        "or_ci_hi": 4.32853839,
        "sig": ""
      },
      "extraverted": {
        "estimate": 1.970086,
        "se": 0.473621,
        "z": 4.1596,
        "p": 0.00003188,
        "or": 7.17129046,
        "or_ci_lo": 2.83428336,
        "or_ci_hi": 18.14476544,
        "sig": "***"
      },
      "agreeable": {
        "estimate": -0.187898,
        "se": 0.438675,
        "z": -0.4283,
        "p": 0.66841005,
        "or": 0.82869923,
        "or_ci_lo": 0.35074344,
        "or_ci_hi": 1.95796223,
        "sig": ""
      },
      "conscientious": {
        "estimate": 1.797511,
        "se": 0.456714,
        "z": 3.9357,
        "p": 0.00008294,
        "or": 6.03461104,
        "or_ci_lo": 2.46539495,
        "or_ci_hi": 14.77107364,
        "sig": "***"
      },
      "emot_stable": {
        "estimate": 0.606808,
        "se": 0.434073,
        "z": 1.3979,
        "p": 0.16213099,
        "or": 1.83456613,
        "or_ci_lo": 0.78350732,
        "or_ci_hi": 4.29559848,
        "sig": ""
      },
      "open_to_exp": {
        "estimate": -0.289644,
        "se": 0.426915,
        "z": -0.6785,
        "p": 0.49748164,
        "or": 0.74853016,
        "or_ci_lo": 0.32419911,
        "or_ci_hi": 1.72825088,
        "sig": ""
      },
      "mentioned_ext": {
        "estimate": -0.192442,
        "se": 0.250787,
        "z": -0.7674,
        "p": 0.44287028,
        "or": 0.82494183,
        "or_ci_lo": 0.50460261,
        "or_ci_hi": 1.34864348,
        "sig": ""
      },
      "mentioned_agr": {
        "estimate": 1.562784,
        "se": 0.221687,
        "z": 7.0495,
        "p": 1.79559724e-12,
        "or": 4.77208612,
        "or_ci_lo": 3.09032679,
        "or_ci_hi": 7.36906079,
        "sig": "***"
      },
      "mentioned_con": {
        "estimate": 0.665826,
        "se": 0.249038,
        "z": 2.6736,
        "p": 0.00750429,
        "or": 1.94609661,
        "or_ci_lo": 1.19448131,
        "or_ci_hi": 3.17065823,
        "sig": "**"
      },
      "mentioned_neu": {
        "estimate": 4.761441,
        "se": 0.389858,
        "z": 12.2133,
        "p": 2.64091438e-34,
        "or": 116.91423212,
        "or_ci_lo": 54.45193375,
        "or_ci_hi": 251.02758947,
        "sig": "***"
      },
      "mentioned_ope": {
        "estimate": -0.100892,
        "se": 0.228967,
        "z": -0.4406,
        "p": 0.65947287,
        "or": 0.90403038,
        "or_ci_lo": 0.57714146,
        "or_ci_hi": 1.41606691,
        "sig": ""
      },
      "mentioned_infection": {
        "estimate": 7.696475,
        "se": 1.379094,
        "z": 5.5808,
        "p": 2.3938497e-08,
        "or": 2200.57784586,
        "or_ci_lo": 147.44450642,
        "or_ci_hi": 32843.15552613,
        "sig": "***"
      },
      "mentioned_age": {
        "estimate": 2.299361,