{
  "config_key": "anthropic_claude-opus-4-5_off",
  "label": "Anthropic claude-opus-4-5",
  "model1": {
    "type": "fixed_effects_logit",
    "coefficients": {
      "intercept": {
        "estimate": -27.219671,
        "se": 1759.242281,
        "z": -0.0155,
        "p": 0.98765532,
        "or": 1.50885288e-12,
        "or_ci_lo": 0,
        "or_ci_hi": "Inf",
        "sig": ""
      },
      "infection_pct": {
        "estimate": 2.51268,
        "se": 0.097309,
        "z": 25.8218,
        "p": 5.05165723e-147,
        "or": 12.33795421,
        "or_ci_lo": 10.19559063,
        "or_ci_hi": 14.9304851,
        "sig": "***"
      },
      "infection_pct_sq": {
        "estimate": -0.190903,
        "se": 0.012851,
        "z": -14.8555,
        "p": 6.40488235e-50,
        "or": 0.82621276,
        "or_ci_lo": 0.80566264,
        "or_ci_hi": 0.84728705,
        "sig": "***"
      }
    },
    "fit": {
      "aic": 4456.7,
      "bic": 5262.86,
      "n": 20000,
      "deviance": 4252.7
    }
  },
  "model2": {
    "type": "random_effects_logit",
    "coefficients": {
      "intercept": {
        "estimate": -14.973012,
        "se": 1.440646,
        "z": -10.3933,
        "p": 2.66087188e-25,
        "or": 3.14270467e-07,
        "or_ci_lo": 1.86638472e-08,
        "or_ci_hi": 5.29183107e-06,
        "sig": "***"
      },
      "infection_pct": {
        "estimate": 2.507004,
        "se": 0.09631,
        "z": 26.0305,
        "p": 2.2380762e-149,
        "or": 12.26811489,
        "or_ci_lo": 10.15773442,
        "or_ci_hi": 14.81694999,
        "sig": "***"
      },
      "infection_pct_sq": {
        "estimate": -0.192425,
        "se": 0.012658,
        "z": -15.2019,
        "p": 3.43389548e-52,
        "or": 0.82495623,
        "or_ci_lo": 0.80474124,
        "or_ci_hi": 0.84567903,
        "sig": "***"
      },
      "male": {
        "estimate": -1.798332,
        "se": 0.572699,
        "z": -3.1401,
        "p": 0.0016889,
        "or": 0.16557483,
        "or_ci_lo": 0.05388938,
        "or_ci_hi": 0.50872779,
        "sig": "**"
      },
      "extraverted": {
        "estimate": -5.019005,
        "se": 0.618796,
        "z": -8.1109,
        "p": 5.02368573e-16,
        "or": 0.0066111,
        "or_ci_lo": 0.00196582,
        "or_ci_hi": 0.02223328,
        "sig": "***"
      },
      "agreeable": {
        "estimate": 5.299261,
        "se": 0.606399,
        "z": 8.7389,
        "p": 2.3539376e-18,
        "or": 200.18883642,
        "or_ci_lo": 60.99053526,
        "or_ci_hi": 657.07851315,
        "sig": "***"
      },
      "conscientious": {
        "estimate": 8.895522,
        "se": 0.811932,
        "z": 10.956,
        "p": 6.2195e-28,
        "or": 7299.21122473,
        "or_ci_lo": 1486.43255822,
        "or_ci_hi": 35843.18993041,
        "sig": "***"
      },
      "emot_stable": {
        "estimate": -5.021325,
        "se": 0.621803,
        "z": -8.0754,
        "p": 6.72409873e-16,
        "or": 0.00659578,
        "or_ci_lo": 0.00194974,
        "or_ci_hi": 0.02231287,
        "sig": "***"
      },
      "open_to_exp": {
        "estimate": 2.446672,
        "se": 0.601292,
        "z": 4.069,
        "p": 0.00004721,
        "or": 11.54984141,
        "or_ci_lo": 3.55423261,
        "or_ci_hi": 37.5323878,
        "sig": "***"
      },
      "age": {
        "estimate": 0.028728,
        "se": 0.021416,
        "z": 1.3414,
        "p": 0.17978571,
        "or": 1.02914474,
        "or_ci_lo": 0.98683958,
        "or_ci_hi": 1.0732635,
        "sig": ""
      }
    },
    "fit": {
      "aic": 4505.16,
      "bic": 4592.1,
      "n": 20000,
      "n_groups": 100,
      "re_variance": 3.60885
    },
    "warning": {}
  }
}
