{
  "config_key": "anthropic_claude-sonnet-4-0_off",
  "label": "Anthropic claude-sonnet-4-0",
  "model1": {
    "type": "fixed_effects_logit",
    "coefficients": {
      "intercept": {
        "estimate": -1.04918,
        "se": 0.183106,
        "z": -5.7299,
        "p": 1.00483812e-08,
        "or": 0.35022472,
        "or_ci_lo": 0.24461547,
        "or_ci_hi": 0.50142926,
        "sig": "***"
      },
      "infection_pct": {
        "estimate": 0.922401,
        "se": 0.062946,
        "z": 14.6538,
        "p": 1.27385369e-48,
        "or": 2.51532351,
        "or_ci_lo": 2.22337615,
        "or_ci_hi": 2.84560593,
        "sig": "***"
      },
      "infection_pct_sq": {
        "estimate": 0.025287,
        "se": 0.011029,
        "z": 2.2928,
        "p": 0.02186208,
        "or": 1.02560925,
        "or_ci_lo": 1.00367671,
        "or_ci_hi": 1.04802106,
        "sig": "*"
      }
    },
    "fit": {
      "aic": 7398.81,
      "bic": 8204.97,
      "n": 20000,
      "deviance": 7194.81,
      "null_deviance": 27716.9,
      "pseudo_r2": 0.7404
    }
  },
  "model2": {
    "type": "random_effects_logit",
    "coefficients": {
      "intercept": {
        "estimate": 0.030256,
        "se": 1.192598,
        "z": 0.0254,
        "p": 0.9797603,
        "or": 1.03071788,
        "or_ci_lo": 0.09953592,
        "or_ci_hi": 10.67332627,
        "sig": ""
      },
      "infection_pct": {
        "estimate": 0.94097,
        "se": 0.061518,
        "z": 15.2959,
        "p": 8.14653237e-53,
        "or": 2.562467,
        "or_ci_lo": 2.27139753,
        "or_ci_hi": 2.89083573,
        "sig": "***"
      },
      "infection_pct_sq": {
        "estimate": 0.017966,
        "se": 0.01049,
        "z": 1.7127,
        "p": 0.08676394,
        "or": 1.0181285,
        "or_ci_lo": 0.99740944,
        "or_ci_hi": 1.03927795,
        "sig": "."
      },
      "male": {
        "estimate": -0.656358,
        "se": 0.515338,
        "z": -1.2736,
        "p": 0.20278865,
        "or": 0.51873708,
        "or_ci_lo": 0.18892222,
        "or_ci_hi": 1.42433308,
        "sig": ""
      },
      "extraverted": {
        "estimate": -5.436053,
        "se": 0.534564,
        "z": -10.1691,
        "p": 2.7229647e-24,
        "or": 0.00435665,
        "or_ci_lo": 0.001528,
        "or_ci_hi": 0.01242173,
        "sig": "***"
      },
      "agreeable": {
        "estimate": 1.983157,
        "se": 0.511781,
        "z": 3.875,
        "p": 0.00010662,
        "or": 7.26564379,
        "or_ci_lo": 2.66463185,
        "or_ci_hi": 19.81120943,
        "sig": "***"
      },
      "conscientious": {
        "estimate": 5.634524,
        "se": 0.522956,
        "z": 10.7744,
        "p": 4.54815753e-27,
        "or": 279.92565384,
        "or_ci_lo": 100.43704895,
        "or_ci_hi": 780.17397462,
        "sig": "***"
      },
      "emot_stable": {
        "estimate": -6.381077,
        "se": 0.55031,
        "z": -11.5954,
        "p": 4.3472149e-31,
        "or": 0.0016933,
        "or_ci_lo": 0.00057584,
        "or_ci_hi": 0.00497928,
        "sig": "***"
      },
      "open_to_exp": {
        "estimate": -0.361402,
        "se": 0.51737,
        "z": -0.6985,
        "p": 0.48484079,
        "or": 0.69669856,
        "or_ci_lo": 0.25272656,
        "or_ci_hi": 1.9206089,
        "sig": ""
      },
      "age": {
        "estimate": 0.015672,
        "se": 0.019473,
        "z": 0.8048,
        "p": 0.42093073,
        "or": 1.01579563,
        "or_ci_lo": 0.97775584,
        "or_ci_hi": 1.05531536,
        "sig": ""
      }
    },
    "fit": {
      "aic": 7617.99,
      "bic": 7704.92,
      "n": 20000,
      "n_groups": 100,
      "re_variance": 5.15875
    },
    "warning": {}
  },
  "model3": {
    "type": "mention_interaction_logit",
    "formula": "stay_home ~ infection_pct + I(infection_pct^2) + male + extraverted + agreeable + conscientious + emot_stable + open_to_exp + age_years + mentioned_ext + mentioned_agr + mentioned_con + mentioned_neu + mentioned_ope + mentioned_infection + mentioned_age + extraverted:mentioned_ext + agreeable:mentioned_agr + conscientious:mentioned_con + emot_stable:mentioned_neu + open_to_exp:mentioned_ope + age_years:mentioned_age + (1 | agent_id)",
    "coefficients": {
      "intercept": {
        "estimate": 0.293491,
        "se": 1.391487,
        "z": 0.2109,
        "p": 0.83295065,
        "or": 1.34110088,
        "or_ci_lo": 0.08770077,
        "or_ci_hi": 20.50781865,
        "sig": ""
      },
      "infection_pct": {
        "estimate": 1.068294,
        "se": 0.072892,
        "z": 14.6558,
        "p": 1.23677593e-48,
        "or": 2.91040934,
        "or_ci_lo": 2.52294045,
        "or_ci_hi": 3.35738504,
        "sig": "***"
      },
      "infection_pct_sq": {
        "estimate": 0.019182,
        "se": 0.012088,
        "z": 1.5869,
        "p": 0.11254273,
        "or": 1.01936707,
        "or_ci_lo": 0.99549976,
        "or_ci_hi": 1.04380661,
        "sig": ""
      },
      "male": {
        "estimate": -0.729246,
        "se": 0.592346,
        "z": -1.2311,
        "p": 0.21827956,
        "or": 0.48227245,
        "or_ci_lo": 0.15103502,
        "or_ci_hi": 1.53995223,
        "sig": ""
      },
      "extraverted": {
        "estimate": -4.697289,
        "se": 0.616636,
        "z": -7.6176,
        "p": 2.58423958e-14,
        "or": 0.00911997,
        "or_ci_lo": 0.00272334,
        "or_ci_hi": 0.03054108,
        "sig": "***"
      },
      "agreeable": {
        "estimate": 1.536235,
        "se": 0.589572,
        "z": 2.6057,
        "p": 0.00916932,
        "or": 4.64706031,
        "or_ci_lo": 1.46326865,
        "or_ci_hi": 14.75817139,
        "sig": "**"
      },
      "conscientious": {
        "estimate": 5.36968,
        "se": 0.627158,
        "z": 8.5619,
        "p": 1.1100182e-17,
        "or": 214.79419427,
        "or_ci_lo": 62.83108986,
        "or_ci_hi": 734.29485296,
        "sig": "***"
      },
      "emot_stable": {
        "estimate": -5.252567,
        "se": 0.644363,
        "z": -8.1516,
        "p": 3.59250514e-16,
        "or": 0.00523407,
        "or_ci_lo": 0.00148029,
        "or_ci_hi": 0.01850684,
        "sig": "***"
      },
      "open_to_exp": {
        "estimate": 0.10405,
        "se": 0.594814,
        "z": 0.1749,
        "p": 0.86113613,
        "or": 1.10965561,
        "or_ci_lo": 0.3458376,
        "or_ci_hi": 3.56044446,
        "sig": ""
      },
      "mentioned_ext": {
        "estimate": 2.29584,
        "se": 0.159959,
        "z": 14.3527,
        "p": 1.02477927e-46,
        "or": 9.93278016,
        "or_ci_lo": 7.25957341,
        "or_ci_hi": 13.59034699,
        "sig": "***"
      },
      "mentioned_agr": {
        "estimate": -0.825301,
        "se": 0.141994,
        "z": -5.8122,
        "p": 6.16528645e-09,
        "or": 0.43810326,
        "or_ci_lo": 0.33167179,
        "or_ci_hi": 0.57868794,
        "sig": "***"
      },
      "mentioned_con": {
        "estimate": -0.433803,
        "se": 0.211225,
        "z": -2.0538,
        "p": 0.0399997,
        "or": 0.64803989,
        "or_ci_lo": 0.42835485,
        "or_ci_hi": 0.98039206,
        "sig": "*"
      },
      "mentioned_neu": {
        "estimate": 2.140649,
        "se": 0.190317,
        "z": 11.2478,
        "p": 2.3742296e-29,
        "or": 8.50495355,
        "or_ci_lo": 5.85694099,
        "or_ci_hi": 12.35017309,
        "sig": "***"
      },
      "mentioned_ope": {
        "estimate": -2.442706,
        "se": 1.018331,
        "z": -2.3987,
        "p": 0.01645178,
        "or": 0.08692533,
        "or_ci_lo": 0.01181207,
        "or_ci_hi": 0.63968588,
        "sig": "*"
      },
      "mentioned_age": {
        "estimate": -10.179751,
        "se": 1.00054,
        "z": -10.1743,
        "p": 2.58365705e-24,
        "or": 0.00003793,
        "or_ci_lo": 5.33720166e-06,
        "or_ci_hi": 0.00026957,
        "sig": "***"
      },