{
  "config_key": "anthropic_claude-sonnet-4-5_off",
  "label": "Anthropic claude-sonnet-4-5",
  "model1": {
    "type": "fixed_effects_logit",
    "coefficients": {
      "intercept": {
        "estimate": -26.447553,
        "se": 1087.121416,
        "z": -0.0243,
        "p": 0.98059093,
        "or": 3.26568029e-12,
        "or_ci_lo": 0,
        "or_ci_hi": "Inf",
        "sig": ""
      },
      "infection_pct": {
        "estimate": 3.091302,
        "se": 0.086879,
        "z": 35.5816,
        "p": 2.70169514e-277,
        "or": 22.00570653,
        "or_ci_lo": 18.56017854,
        "or_ci_hi": 26.09086539,
        "sig": "***"
      },
      "infection_pct_sq": {
        "estimate": -0.297153,
        "se": 0.011741,
        "z": -25.3097,
        "p": 2.50039474e-141,
        "or": 0.74293044,
        "or_ci_lo": 0.72602952,
        "or_ci_hi": 0.76022479,
        "sig": "***"
      }
    },
    "fit": {
      "aic": 6092.94,
      "bic": 6899.1,
      "n": 20000,
      "deviance": 5888.94,
      "null_deviance": 25085.32,
      "pseudo_r2": 0.7652
    }
  },
  "model2": {
    "type": "random_effects_logit",
    "coefficients": {
      "intercept": {
        "estimate": -7.465329,
        "se": 1.196373,
        "z": -6.24,
        "p": 4.37665737e-10,
        "or": 0.0005726,
        "or_ci_lo": 0.00005489,
        "or_ci_hi": 0.00597341,
        "sig": "***"
      },
      "infection_pct": {
        "estimate": 3.074531,
        "se": 0.085845,
        "z": 35.8151,
        "p": 6.42671837e-281,
        "or": 21.63972888,
        "or_ci_lo": 18.28855876,
        "or_ci_hi": 25.60496275,
        "sig": "***"
      },
      "infection_pct_sq": {
        "estimate": -0.296314,
        "se": 0.011607,
        "z": -25.5294,
        "p": 9.30946346e-144,
        "or": 0.74355427,
        "or_ci_lo": 0.7268299,
        "or_ci_hi": 0.76066346,
        "sig": "***"
      },
      "male": {
        "estimate": -0.652252,
        "se": 0.53282,
        "z": -1.2242,
        "p": 0.22089554,
        "or": 0.52087128,
        "or_ci_lo": 0.18330929,
        "or_ci_hi": 1.48004987,
        "sig": ""
      },
      "extraverted": {
        "estimate": -5.40831,
        "se": 0.558322,
        "z": -9.6867,
        "p": 3.43398745e-22,
        "or": 0.0044792,
        "or_ci_lo": 0.0014995,
        "or_ci_hi": 0.01337994,
        "sig": "***"
      },
      "agreeable": {
        "estimate": 2.943503,
        "se": 0.536383,
        "z": 5.4877,
        "p": 4.07221245e-08,
        "or": 18.98222389,
        "or_ci_lo": 6.63389914,
        "or_ci_hi": 54.31569223,
        "sig": "***"
      },
      "conscientious": {
        "estimate": 7.755397,
        "se": 0.578669,
        "z": 13.4021,
        "p": 5.8754726e-41,
        "or": 2334.13577952,
        "or_ci_lo": 750.84972178,
        "or_ci_hi": 7256.03230474,
        "sig": "***"
      },
      "emot_stable": {
        "estimate": -5.706562,
        "se": 0.578682,
        "z": -9.8613,
        "p": 6.12477438e-23,
        "or": 0.00332408,
        "or_ci_lo": 0.00106927,
        "or_ci_hi": 0.0103337,
        "sig": "***"
      },
      "open_to_exp": {
        "estimate": 0.184707,
        "se": 0.530293,
        "z": 0.3483,
        "p": 0.72760638,
        "or": 1.20286603,
        "or_ci_lo": 0.42542474,
        "or_ci_hi": 3.40104027,
        "sig": ""
      },
      "age": {
        "estimate": -0.000932,
        "se": 0.019791,
        "z": -0.0471,
        "p": 0.9624203,
        "or": 0.99906797,
        "or_ci_lo": 0.96105647,
        "or_ci_hi": 1.03858288,
        "sig": ""
      }
    },
    "fit": {
      "aic": 6239.4,
      "bic": 6326.34,
      "n": 20000,
      "n_groups": 100,
      "re_variance": 4.411083
    },
    "warning": {}
  },
  "model3": {
    "type": "mention_interaction_logit",
    "formula": "stay_home ~ infection_pct + I(infection_pct^2) + male + extraverted + agreeable + conscientious + emot_stable + open_to_exp + age_years + mentioned_ext + mentioned_agr + mentioned_con + mentioned_neu + mentioned_ope + mentioned_infection + mentioned_age + extraverted:mentioned_ext + agreeable:mentioned_agr + emot_stable:mentioned_neu + open_to_exp:mentioned_ope + (1 | agent_id)",
    "coefficients": {
      "intercept": {
        "estimate": -21.327113,
        "se": 916.043229,
        "z": -0.0233,
        "p": 0.98142551,
        "or": 5.46704242e-10,
        "or_ci_lo": 0,
        "or_ci_hi": "Inf",
        "sig": ""
      },
      "infection_pct": {
        "estimate": 3.283408,
        "se": 0.095611,
        "z": 34.3414,
        "p": 1.89329023e-258,
        "or": 26.66649647,
        "or_ci_lo": 22.10957567,
        "or_ci_hi": 32.16262693,
        "sig": "***"
      },
      "infection_pct_sq": {
        "estimate": -0.326978,
        "se": 0.01294,
        "z": -25.269,
        "p": 7.00809157e-141,
        "or": 0.72109965,
        "or_ci_lo": 0.70304095,
        "or_ci_hi": 0.73962222,
        "sig": "***"
      },
      "male": {
        "estimate": -0.407457,
        "se": 0.537204,
        "z": -0.7585,
        "p": 0.44816487,
        "or": 0.66533977,
        "or_ci_lo": 0.23214866,
        "or_ci_hi": 1.90686867,
        "sig": ""
      },
      "extraverted": {
        "estimate": -5.30121,
        "se": 0.579915,
        "z": -9.1414,
        "p": 6.16729355e-20,
        "or": 0.00498556,
        "or_ci_lo": 0.00159985,
        "or_ci_hi": 0.01553629,
        "sig": "***"
      },
      "agreeable": {
        "estimate": 2.091613,
        "se": 0.553823,
        "z": 3.7767,
        "p": 0.00015893,
        "or": 8.09796401,
        "or_ci_lo": 2.73496702,
        "or_ci_hi": 23.97726209,
        "sig": "***"
      },
      "conscientious": {
        "estimate": 7.398431,
        "se": 0.581817,
        "z": 12.7161,
        "p": 4.81466612e-37,
        "or": 1633.4191942,
        "or_ci_lo": 522.20945438,
        "or_ci_hi": 5109.17265396,
        "sig": "***"
      },
      "emot_stable": {
        "estimate": 13.897051,
        "se": 916.043313,
        "z": 0.0152,
        "p": 0.98789597,
        "or": 1084957.25113985,
        "or_ci_lo": 0,
        "or_ci_hi": "Inf",
        "sig": ""
      },
      "open_to_exp": {
        "estimate": -0.967494,
        "se": 0.541122,
        "z": -1.7879,
        "p": 0.07378562,
        "or": 0.3800342,
        "or_ci_lo": 0.13158618,
        "or_ci_hi": 1.09757722,
        "sig": "."
      },
      "mentioned_ext": {
        "estimate": -0.090706,
        "se": 0.106127,
        "z": -0.8547,
        "p": 0.39271916,
        "or": 0.91328584,
        "or_ci_lo": 0.7417706,
        "or_ci_hi": 1.12445955,
        "sig": ""
      },
      "mentioned_agr": {
        "estimate": -1.767982,
        "se": 0.141213,
        "z": -12.52,
        "p": 5.80476056e-36,
        "or": 0.17067715,
        "or_ci_lo": 0.12941143,
        "or_ci_hi": 0.22510136,
        "sig": "***"
      },
      "mentioned_con": {
        "estimate": -1.866819,
        "se": 1.288721,
        "z": -1.4486,
        "p": 0.14745413,
        "or": 0.15461477,
        "or_ci_lo": 0.01236716,
        "or_ci_hi": 1.93300138,
        "sig": ""
      },
      "mentioned_neu": {
        "estimate": 17.996846,
        "se": 916.04317,
        "z": 0.0196,
        "p": 0.98432554,
        "or": 65453179.7618406,
        "or_ci_lo": 0,
        "or_ci_hi": "Inf",
        "sig": ""
      },
      "mentioned_ope": {
        "estimate": -2.642808,
        "se": 0.132259,
        "z": -19.9821,
        "p": 7.89110351e-89,
        "or": 0.07116119,
        "or_ci_lo": 0.05491133,
        "or_ci_hi": 0.09221984,
        "sig": "***"
      },
      "mentioned_age": {
        "estimate": 1.52728,
        "se": 0.420402,
        "z": 3.6329,
        "p": 0.00028025,
        "or": 4.60563461,
        "or_ci_lo": 2.02039496,
        "or_ci_hi": 10.49887301,
        "sig": "***"
      },
      "extraverted_mentioned_ext": {
        "estimate": -0.33704,