{
  "config_key": "anthropic_claude-opus-4-5_off",
  "label": "Anthropic claude-opus-4-5",
  "model1": {
    "type": "fixed_effects_logit",
    "coefficients": {
      "intercept": {
        "estimate": -27.219671,
        "se": 1759.242281,
        "z": -0.0155,
        "p": 0.98765532,
        "or": 1.50885288e-12,
        "or_ci_lo": 0,
        "or_ci_hi": "Inf",
        "sig": ""
      },
      "infection_pct": {
        "estimate": 2.51268,
        "se": 0.097309,
        "z": 25.8218,
        "p": 5.05165723e-147,
        "or": 12.33795421,
        "or_ci_lo": 10.19559063,
        "or_ci_hi": 14.9304851,
        "sig": "***"
      },
      "infection_pct_sq": {
        "estimate": -0.190903,
        "se": 0.012851,
        "z": -14.8555,
        "p": 6.40488235e-50,
        "or": 0.82621276,
        "or_ci_lo": 0.80566264,
        "or_ci_hi": 0.84728705,
        "sig": "***"
      }
    },
    "fit": {
      "aic": 4456.7,
      "bic": 5262.86,
      "n": 20000,
      "deviance": 4252.7,
      "null_deviance": 18190.98,
      "pseudo_r2": 0.7662
    }
  },
  "model2": {
    "type": "random_effects_logit",
    "coefficients": {
      "intercept": {
        "estimate": -14.973012,
        "se": 1.440646,
        "z": -10.3933,
        "p": 2.66087188e-25,
        "or": 3.14270467e-07,
        "or_ci_lo": 1.86638472e-08,
        "or_ci_hi": 5.29183107e-06,
        "sig": "***"
      },
      "infection_pct": {
        "estimate": 2.507004,
        "se": 0.09631,
        "z": 26.0305,
        "p": 2.2380762e-149,
        "or": 12.26811489,
        "or_ci_lo": 10.15773442,
        "or_ci_hi": 14.81694999,
        "sig": "***"
      },
      "infection_pct_sq": {
        "estimate": -0.192425,
        "se": 0.012658,
        "z": -15.2019,
        "p": 3.43389548e-52,
        "or": 0.82495623,
        "or_ci_lo": 0.80474124,
        "or_ci_hi": 0.84567903,
        "sig": "***"
      },
      "male": {
        "estimate": -1.798332,
        "se": 0.572699,
        "z": -3.1401,
        "p": 0.0016889,
        "or": 0.16557483,
        "or_ci_lo": 0.05388938,
        "or_ci_hi": 0.50872779,
        "sig": "**"
      },
      "extraverted": {
        "estimate": -5.019005,
        "se": 0.618796,
        "z": -8.1109,
        "p": 5.02368573e-16,
        "or": 0.0066111,
        "or_ci_lo": 0.00196582,
        "or_ci_hi": 0.02223328,
        "sig": "***"
      },
      "agreeable": {
        "estimate": 5.299261,
        "se": 0.606399,
        "z": 8.7389,
        "p": 2.3539376e-18,
        "or": 200.18883642,
        "or_ci_lo": 60.99053526,
        "or_ci_hi": 657.07851315,
        "sig": "***"
      },
      "conscientious": {
        "estimate": 8.895522,
        "se": 0.811932,
        "z": 10.956,
        "p": 6.2195e-28,
        "or": 7299.21122473,
        "or_ci_lo": 1486.43255822,
        "or_ci_hi": 35843.18993041,
        "sig": "***"
      },
      "emot_stable": {
        "estimate": -5.021325,
        "se": 0.621803,
        "z": -8.0754,
        "p": 6.72409873e-16,
        "or": 0.00659578,
        "or_ci_lo": 0.00194974,
        "or_ci_hi": 0.02231287,
        "sig": "***"
      },
      "open_to_exp": {
        "estimate": 2.446672,
        "se": 0.601292,
        "z": 4.069,
        "p": 0.00004721,
        "or": 11.54984141,
        "or_ci_lo": 3.55423261,
        "or_ci_hi": 37.5323878,
        "sig": "***"
      },
      "age": {
        "estimate": 0.028728,
        "se": 0.021416,
        "z": 1.3414,
        "p": 0.17978571,
        "or": 1.02914474,
        "or_ci_lo": 0.98683958,
        "or_ci_hi": 1.0732635,
        "sig": ""
      }
    },
    "fit": {
      "aic": 4505.16,
      "bic": 4592.1,
      "n": 20000,
      "n_groups": 100,
      "re_variance": 3.60885
    },
    "warning": {}
  },
  "model3": {
    "type": "mention_interaction_logit",
    "formula": "stay_home ~ infection_pct + I(infection_pct^2) + male + extraverted + agreeable + conscientious + emot_stable + open_to_exp + age_years + mentioned_ext + mentioned_agr + mentioned_con + mentioned_neu + mentioned_ope + mentioned_infection + mentioned_age + extraverted:mentioned_ext + agreeable:mentioned_agr + emot_stable:mentioned_neu + open_to_exp:mentioned_ope + age_years:mentioned_age + (1 | agent_id)",
    "coefficients": {
      "intercept": {
        "estimate": -35.01841,
        "se": 26592.971962,
        "z": -0.0013,
        "p": 0.99894932,
        "or": 6.19010397e-16,
        "or_ci_lo": 0,
        "or_ci_hi": "Inf",
        "sig": ""
      },
      "infection_pct": {
        "estimate": 2.493655,
        "se": 0.102388,
        "z": 24.3549,
        "p": 5.14127234e-131,
        "or": 12.10544016,
        "or_ci_lo": 9.90435168,
        "or_ci_hi": 14.79568639,
        "sig": "***"
      },
      "infection_pct_sq": {
        "estimate": -0.184052,
        "se": 0.013388,
        "z": -13.748,
        "p": 5.23806836e-43,
        "or": 0.83189254,
        "or_ci_lo": 0.81034787,
        "or_ci_hi": 0.85401003,
        "sig": "***"
      },
      "male": {
        "estimate": -1.491952,
        "se": 0.516453,
        "z": -2.8888,
        "p": 0.00386663,
        "or": 0.22493324,
        "or_ci_lo": 0.08174098,
        "or_ci_hi": 0.61896693,
        "sig": "**"
      },
      "extraverted": {
        "estimate": -3.436899,
        "se": 0.577214,
        "z": -5.9543,
        "p": 2.61202238e-09,
        "or": 0.03216427,
        "or_ci_lo": 0.01037623,
        "or_ci_hi": 0.09970297,
        "sig": "***"
      },
      "agreeable": {
        "estimate": 4.380832,
        "se": 0.570289,
        "z": 7.6818,
        "p": 1.5689654e-14,
        "or": 79.90446561,
        "or_ci_lo": 26.12951797,
        "or_ci_hi": 244.349078,
        "sig": "***"
      },
      "conscientious": {
        "estimate": 8.46308,
        "se": 0.753262,
        "z": 11.2352,
        "p": 2.73742799e-29,
        "or": 4736.62510903,
        "or_ci_lo": 1082.13017155,
        "or_ci_hi": 20732.82680158,
        "sig": "***"
      },
      "emot_stable": {
        "estimate": -1.594472,
        "se": 2819.260936,
        "z": -0.0006,
        "p": 0.99954875,
        "or": 0.20301574,
        "or_ci_lo": 0,
        "or_ci_hi": "Inf",
        "sig": ""
      },
      "open_to_exp": {
        "estimate": 1.28901,
        "se": 0.573398,
        "z": 2.248,
        "p": 0.02457492,
        "or": 3.62919288,
        "or_ci_lo": 1.17957013,
        "or_ci_hi": 11.16596686,
        "sig": "*"
      },
      "mentioned_ext": {
        "estimate": 0.716075,
        "se": 0.154468,
        "z": 4.6357,
        "p": 3.55647534e-06,
        "or": 2.04638524,
        "or_ci_lo": 1.51182514,
        "or_ci_hi": 2.76995827,
        "sig": "***"
      },
      "mentioned_agr": {
        "estimate": -1.229302,
        "se": 0.20048,
        "z": -6.1318,
        "p": 8.68987181e-10,
        "or": 0.29249655,
        "or_ci_lo": 0.19745513,
        "or_ci_hi": 0.43328443,
        "sig": "***"
      },
      "mentioned_con": {
        "estimate": -5.258916,
        "se": 56.164508,
        "z": -0.0936,
        "p": 0.92539978,
        "or": 0.00520094,
        "or_ci_lo": 8.08886781e-51,
        "or_ci_hi": 3.3440757597320865e+45,
        "sig": ""
      },
      "mentioned_neu": {
        "estimate": 16.420749,
        "se": 1087.036033,
        "z": 0.0151,
        "p": 0.98794763,
        "or": 13534451.44302501,
        "or_ci_lo": 0,
        "or_ci_hi": "Inf",
        "sig": ""
      },
      "mentioned_ope": {
        "estimate": -1.154433,
        "se": 0.19385,
        "z": -5.9553,
        "p": 2.59595673e-09,
        "or": 0.31523616,
        "or_ci_lo": 0.21558961,
        "or_ci_hi": 0.46093984,
        "sig": "***"
      },
      "mentioned_infection": {
        "estimate": 11.363604,
        "se": 26570.686127,
        "z": 0.0004,
        "p": 0.99965877,
        "or": 86129.21363458,
        "or_ci_lo": 0,
        "or_ci_hi": "Inf",
        "sig": ""
      },