{
  "config_key": "anthropic_claude-haiku-4-5_off",
  "label": "Anthropic claude-haiku-4-5",
  "model1": {
    "type": "fixed_effects_logit",
    "coefficients": {
      "intercept": {
        "estimate": -24.720764,
        "se": 1085.174433,
        "z": -0.0228,
        "p": 0.9818254,
        "or": 1.83615133e-11,
        "or_ci_lo": 0,
        "or_ci_hi": "Inf",
        "sig": ""
      },
      "infection_pct": {
        "estimate": 1.696764,
        "se": 0.070018,
        "z": 24.2332,
        "p": 9.94750971e-130,
        "or": 5.4562607,
        "or_ci_lo": 4.75657575,
        "or_ci_hi": 6.25886821,
        "sig": "***"
      },
      "infection_pct_sq": {
        "estimate": -0.099848,
        "se": 0.009508,
        "z": -10.5015,
        "p": 8.50035999e-26,
        "or": 0.90497518,
        "or_ci_lo": 0.88826664,
        "or_ci_hi": 0.92199802,
        "sig": "***"
      }
    },
    "fit": {
      "aic": 7077.54,
      "bic": 7883.7,
      "n": 20000,
      "deviance": 6873.54,
      "null_deviance": 16529.07,
      "pseudo_r2": 0.5842
    }
  },
  "model2": {
    "type": "random_effects_logit",
    "coefficients": {
      "intercept": {
        "estimate": -8.286662,
        "se": 0.762369,
        "z": -10.8696,
        "p": 1.60859896e-27,
        "or": 0.00025185,
        "or_ci_lo": 0.00005652,
        "or_ci_hi": 0.00112225,
        "sig": "***"
      },
      "infection_pct": {
        "estimate": 1.694558,
        "se": 0.06934,
        "z": 24.4384,
        "p": 6.69057551e-132,
        "or": 5.44424118,
        "or_ci_lo": 4.75240987,
        "or_ci_hi": 6.23678572,
        "sig": "***"
      },
      "infection_pct_sq": {
        "estimate": -0.100564,
        "se": 0.009374,
        "z": -10.7285,
        "p": 7.48392222e-27,
        "or": 0.90432714,
        "or_ci_lo": 0.88786432,
        "or_ci_hi": 0.92109521,
        "sig": "***"
      },
      "male": {
        "estimate": 0.477244,
        "se": 0.329628,
        "z": 1.4478,
        "p": 0.14766602,
        "or": 1.61162718,
        "or_ci_lo": 0.8446546,
        "or_ci_hi": 3.07503466,
        "sig": ""
      },
      "extraverted": {
        "estimate": -4.432114,
        "se": 0.350651,
        "z": -12.6397,
        "p": 1.27585774e-36,
        "or": 0.01188933,
        "or_ci_lo": 0.00597967,
        "or_ci_hi": 0.02363947,
        "sig": "***"
      },
      "agreeable": {
        "estimate": 1.642337,
        "se": 0.329265,
        "z": 4.9879,
        "p": 6.10407897e-07,
        "or": 5.16723201,
        "or_ci_lo": 2.71008107,
        "or_ci_hi": 9.85220959,
        "sig": "***"
      },
      "conscientious": {
        "estimate": 4.340593,
        "se": 0.361501,
        "z": 12.0072,
        "p": 3.25859106e-33,
        "or": 76.75305154,
        "or_ci_lo": 37.79028778,
        "or_ci_hi": 155.88743213,
        "sig": "***"
      },
      "emot_stable": {
        "estimate": -0.826281,
        "se": 0.344684,
        "z": -2.3972,
        "p": 0.01652045,
        "or": 0.43767396,
        "or_ci_lo": 0.22271496,
        "or_ci_hi": 0.86010609,
        "sig": "*"
      },
      "open_to_exp": {
        "estimate": -0.282492,
        "se": 0.332879,
        "z": -0.8486,
        "p": 0.39608577,
        "or": 0.75390268,
        "or_ci_lo": 0.39261142,
        "or_ci_hi": 1.44766355,
        "sig": ""
      },
      "age": {
        "estimate": 0.003993,
        "se": 0.012311,
        "z": 0.3244,
        "p": 0.74565862,
        "or": 1.00400139,
        "or_ci_lo": 0.98006465,
        "or_ci_hi": 1.02852275,
        "sig": ""
      }
    },
    "fit": {
      "aic": 7182.64,
      "bic": 7269.58,
      "n": 20000,
      "n_groups": 100,
      "re_variance": 1.682007
    },
    "warning": {}
  },
  "model3": {
    "type": "mention_interaction_logit",
    "formula": "stay_home ~ infection_pct + I(infection_pct^2) + male + extraverted + agreeable + conscientious + emot_stable + open_to_exp + age_years + mentioned_ext + mentioned_agr + mentioned_con + mentioned_neu + mentioned_ope + mentioned_infection + mentioned_age + extraverted:mentioned_ext + agreeable:mentioned_agr + conscientious:mentioned_con + emot_stable:mentioned_neu + open_to_exp:mentioned_ope + age_years:mentioned_age + (1 | agent_id)",
    "coefficients": {
      "intercept": {
        "estimate": -12.114049,
        "se": 265.116579,
        "z": -0.0457,
        "p": 0.96355471,
        "or": 5.48195423e-06,
        "or_ci_lo": 1.16720635e-231,
        "or_ci_hi": 2.5746794579414598e+220,
        "sig": ""
      },
      "infection_pct": {
        "estimate": 1.777993,
        "se": 0.075821,
        "z": 23.45,
        "p": 1.32223466e-121,
        "or": 5.91796537,
        "or_ci_lo": 5.10073318,
        "or_ci_hi": 6.86613334,
        "sig": "***"
      },
      "infection_pct_sq": {
        "estimate": -0.115451,
        "se": 0.010373,
        "z": -11.1301,
        "p": 8.95489604e-29,
        "or": 0.89096429,
        "or_ci_lo": 0.87303315,
        "or_ci_hi": 0.90926372,
        "sig": "***"
      },
      "male": {
        "estimate": 0.638518,
        "se": 0.28948,
        "z": 2.2057,
        "p": 0.02740198,
        "or": 1.89367276,
        "or_ci_lo": 1.07372911,
        "or_ci_hi": 3.33975906,
        "sig": "*"
      },
      "extraverted": {
        "estimate": -3.712832,
        "se": 0.424181,
        "z": -8.7529,
        "p": 2.07871578e-18,
        "or": 0.02440831,
        "or_ci_lo": 0.01062838,
        "or_ci_hi": 0.05605418,
        "sig": "***"
      },
      "agreeable": {
        "estimate": 1.158842,
        "se": 0.310392,
        "z": 3.7335,
        "p": 0.00018886,
        "or": 3.18623991,
        "or_ci_lo": 1.73407253,
        "or_ci_hi": 5.85449833,
        "sig": "***"
      },
      "conscientious": {
        "estimate": 4.004315,
        "se": 0.334618,
        "z": 11.9668,
        "p": 5.30196114e-33,
        "or": 54.83427691,
        "or_ci_lo": 28.45898918,
        "or_ci_hi": 105.65371471,
        "sig": "***"
      },
      "emot_stable": {
        "estimate": 0.673569,
        "se": 0.516512,
        "z": 1.3041,
        "p": 0.19220862,
        "or": 1.96122535,
        "or_ci_lo": 0.7126292,
        "or_ci_hi": 5.39748422,
        "sig": ""
      },
      "open_to_exp": {
        "estimate": -0.30204,
        "se": 0.298891,
        "z": -1.0105,
        "p": 0.31223825,
        "or": 0.73930846,
        "or_ci_lo": 0.41153307,
        "or_ci_hi": 1.32814841,
        "sig": ""
      },
      "mentioned_ext": {
        "estimate": 1.075773,
        "se": 0.100834,
        "z": 10.6687,
        "p": 1.42585795e-26,
        "or": 2.93225957,
        "or_ci_lo": 2.40641455,
        "or_ci_hi": 3.57301122,
        "sig": "***"
      },
      "mentioned_agr": {
        "estimate": -0.723702,
        "se": 0.167194,
        "z": -4.3285,
        "p": 0.00001501,
        "or": 0.48495364,
        "or_ci_lo": 0.34944741,
        "or_ci_hi": 0.67300552,
        "sig": "***"
      },
      "mentioned_con": {
        "estimate": -0.790186,
        "se": 0.233961,
        "z": -3.3774,
        "p": 0.00073166,
        "or": 0.45376044,
        "or_ci_lo": 0.28686356,
        "or_ci_hi": 0.71775772,
        "sig": "***"
      },
      "mentioned_neu": {
        "estimate": 1.772925,
        "se": 0.408325,
        "z": 4.3419,
        "p": 0.00001412,
        "or": 5.88804985,
        "or_ci_lo": 2.64483234,
        "or_ci_hi": 13.1082528,
        "sig": "***"
      },
      "mentioned_ope": {
        "estimate": -0.849843,
        "se": 0.170381,
        "z": -4.9879,
        "p": 6.10438029e-07,
        "or": 0.42748219,
        "or_ci_lo": 0.30611632,
        "or_ci_hi": 0.59696596,
        "sig": "***"
      },
      "mentioned_infection": {
        "estimate": 5.263917,
        "se": 265.116202,
        "z": 0.0199,
        "p": 0.98415894,
        "or": 193.23684666,
        "or_ci_lo": 4.11739781e-224,