{
  "config_key": "anthropic_claude-3-haiku-20240307_off",
  "label": "Anthropic claude-3-haiku-20240307",
  "model1": {
    "type": "fixed_effects_logit",
    "coefficients": {
      "intercept": {
        "estimate": 2.082682,
        "se": 0.461499,
        "z": 4.5129,
        "p": 6.39584717e-06,
        "or": 8.02596685,
        "or_ci_lo": 3.24833919,
        "or_ci_hi": 19.8304857,
        "sig": "***"
      },
      "infection_pct": {
        "estimate": 1.553565,
        "se": 0.060037,
        "z": 25.8767,
        "p": 1.21724607e-147,
        "or": 4.72829882,
        "or_ci_lo": 4.20339561,
        "or_ci_hi": 5.31874985,
        "sig": "***"
      },
      "infection_pct_sq": {
        "estimate": -0.180282,
        "se": 0.009604,
        "z": -18.7725,
        "p": 1.26811242e-78,
        "or": 0.83503454,
        "or_ci_lo": 0.81946375,
        "or_ci_hi": 0.85090119,
        "sig": "***"
      }
    },
    "fit": {
      "aic": 7473.09,
      "bic": 8279.25,
      "n": 20000,
      "deviance": 7269.09
    }
  },
  "model2": {
    "type": "random_effects_logit",
    "coefficients": {
      "intercept": {
        "estimate": 1.73487,
        "se": 0.559833,
        "z": 3.0989,
        "p": 0.00194237,
        "or": 5.66819237,
        "or_ci_lo": 1.89192924,
        "or_ci_hi": 16.98182156,
        "sig": "**"
      },
      "infection_pct": {
        "estimate": 1.524509,
        "se": 0.059052,
        "z": 25.8163,
        "p": 5.8246597e-147,
        "or": 4.59288814,
        "or_ci_lo": 4.09090646,
        "or_ci_hi": 5.15646633,
        "sig": "***"
      },
      "infection_pct_sq": {
        "estimate": -0.176984,
        "se": 0.009465,
        "z": -18.6981,
        "p": 5.12533702e-78,
        "or": 0.83779345,
        "or_ci_lo": 0.822394,
        "or_ci_hi": 0.85348126,
        "sig": "***"
      },
      "male": {
        "estimate": 0.725791,
        "se": 0.252653,
        "z": 2.8727,
        "p": 0.00407004,
        "or": 2.06636508,
        "or_ci_lo": 1.25934481,
        "or_ci_hi": 3.39054453,
        "sig": "**"
      },
      "extraverted": {
        "estimate": -1.422268,
        "se": 0.258768,
        "z": -5.4963,
        "p": 3.87806697e-08,
        "or": 0.24116631,
        "or_ci_lo": 0.14522762,
        "or_ci_hi": 0.40048298,
        "sig": "***"
      },
      "agreeable": {
        "estimate": 0.070956,
        "se": 0.250202,
        "z": 0.2836,
        "p": 0.77672086,
        "or": 1.07353403,
        "or_ci_lo": 0.6574148,
        "or_ci_hi": 1.75304134,
        "sig": ""
      },
      "conscientious": {
        "estimate": 0.801296,
        "se": 0.256647,
        "z": 3.1222,
        "p": 0.00179523,
        "or": 2.22842644,
        "or_ci_lo": 1.34752214,
        "or_ci_hi": 3.6851969,
        "sig": "**"
      },
      "emot_stable": {
        "estimate": -0.685912,
        "se": 0.258675,
        "z": -2.6516,
        "p": 0.00801037,
        "or": 0.50363056,
        "or_ci_lo": 0.30333537,
        "or_ci_hi": 0.83618253,
        "sig": "**"
      },
      "open_to_exp": {
        "estimate": -0.05319,
        "se": 0.254919,
        "z": -0.2087,
        "p": 0.83471775,
        "or": 0.94819969,
        "or_ci_lo": 0.57531807,
        "or_ci_hi": 1.56275756,
        "sig": ""
      },
      "age": {
        "estimate": 0.001389,
        "se": 0.009232,
        "z": 0.1504,
        "p": 0.88044496,
        "or": 1.00138956,
        "or_ci_lo": 0.983432,
        "or_ci_hi": 1.01967502,
        "sig": ""
      }
    },
    "fit": {
      "aic": 7627.32,
      "bic": 7714.26,
      "n": 20000,
      "n_groups": 100,
      "re_variance": 1.344971
    },
    "warning": {}
  }
}
