{
  "config_key": "anthropic_claude-haiku-4-5_off",
  "label": "Anthropic claude-haiku-4-5",
  "model1": {
    "type": "fixed_effects_logit",
    "coefficients": {
      "intercept": {
        "estimate": -24.720764,
        "se": 1085.174433,
        "z": -0.0228,
        "p": 0.9818254,
        "or": 1.83615133e-11,
        "or_ci_lo": 0,
        "or_ci_hi": "Inf",
        "sig": ""
      },
      "infection_pct": {
        "estimate": 1.696764,
        "se": 0.070018,
        "z": 24.2332,
        "p": 9.94750971e-130,
        "or": 5.4562607,
        "or_ci_lo": 4.75657575,
        "or_ci_hi": 6.25886821,
        "sig": "***"
      },
      "infection_pct_sq": {
        "estimate": -0.099848,
        "se": 0.009508,
        "z": -10.5015,
        "p": 8.50035999e-26,
        "or": 0.90497518,
        "or_ci_lo": 0.88826664,
        "or_ci_hi": 0.92199802,
        "sig": "***"
      }
    },
    "fit": {
      "aic": 7077.54,
      "bic": 7883.7,
      "n": 20000,
      "deviance": 6873.54
    }
  },
  "model2": {
    "type": "random_effects_logit",
    "coefficients": {
      "intercept": {
        "estimate": -8.286662,
        "se": 0.762369,
        "z": -10.8696,
        "p": 1.60859896e-27,
        "or": 0.00025185,
        "or_ci_lo": 0.00005652,
        "or_ci_hi": 0.00112225,
        "sig": "***"
      },
      "infection_pct": {
        "estimate": 1.694558,
        "se": 0.06934,
        "z": 24.4384,
        "p": 6.69057551e-132,
        "or": 5.44424118,
        "or_ci_lo": 4.75240987,
        "or_ci_hi": 6.23678572,
        "sig": "***"
      },
      "infection_pct_sq": {
        "estimate": -0.100564,
        "se": 0.009374,
        "z": -10.7285,
        "p": 7.48392222e-27,
        "or": 0.90432714,
        "or_ci_lo": 0.88786432,
        "or_ci_hi": 0.92109521,
        "sig": "***"
      },
      "male": {
        "estimate": 0.477244,
        "se": 0.329628,
        "z": 1.4478,
        "p": 0.14766602,
        "or": 1.61162718,
        "or_ci_lo": 0.8446546,
        "or_ci_hi": 3.07503466,
        "sig": ""
      },
      "extraverted": {
        "estimate": -4.432114,
        "se": 0.350651,
        "z": -12.6397,
        "p": 1.27585774e-36,
        "or": 0.01188933,
        "or_ci_lo": 0.00597967,
        "or_ci_hi": 0.02363947,
        "sig": "***"
      },
      "agreeable": {
        "estimate": 1.642337,
        "se": 0.329265,
        "z": 4.9879,
        "p": 6.10407897e-07,
        "or": 5.16723201,
        "or_ci_lo": 2.71008107,
        "or_ci_hi": 9.85220959,
        "sig": "***"
      },
      "conscientious": {
        "estimate": 4.340593,
        "se": 0.361501,
        "z": 12.0072,
        "p": 3.25859106e-33,
        "or": 76.75305154,
        "or_ci_lo": 37.79028778,
        "or_ci_hi": 155.88743213,
        "sig": "***"
      },
      "emot_stable": {
        "estimate": -0.826281,
        "se": 0.344684,
        "z": -2.3972,
        "p": 0.01652045,
        "or": 0.43767396,
        "or_ci_lo": 0.22271496,
        "or_ci_hi": 0.86010609,
        "sig": "*"
      },
      "open_to_exp": {
        "estimate": -0.282492,
        "se": 0.332879,
        "z": -0.8486,
        "p": 0.39608577,
        "or": 0.75390268,
        "or_ci_lo": 0.39261142,
        "or_ci_hi": 1.44766355,
        "sig": ""
      },
      "age": {
        "estimate": 0.003993,
        "se": 0.012311,
        "z": 0.3244,
        "p": 0.74565862,
        "or": 1.00400139,
        "or_ci_lo": 0.98006465,
        "or_ci_hi": 1.02852275,
        "sig": ""
      }
    },
    "fit": {
      "aic": 7182.64,
      "bic": 7269.58,
      "n": 20000,
      "n_groups": 100,
      "re_variance": 1.682007
    },
    "warning": {}
  }
}
