{
  "config_key": "anthropic_claude-sonnet-4-0_off",
  "label": "Anthropic claude-sonnet-4-0",
  "model1": {
    "type": "fixed_effects_logit",
    "coefficients": {
      "intercept": {
        "estimate": -1.04918,
        "se": 0.183106,
        "z": -5.7299,
        "p": 1.00483812e-08,
        "or": 0.35022472,
        "or_ci_lo": 0.24461547,
        "or_ci_hi": 0.50142926,
        "sig": "***"
      },
      "infection_pct": {
        "estimate": 0.922401,
        "se": 0.062946,
        "z": 14.6538,
        "p": 1.27385369e-48,
        "or": 2.51532351,
        "or_ci_lo": 2.22337615,
        "or_ci_hi": 2.84560593,
        "sig": "***"
      },
      "infection_pct_sq": {
        "estimate": 0.025287,
        "se": 0.011029,
        "z": 2.2928,
        "p": 0.02186208,
        "or": 1.02560925,
        "or_ci_lo": 1.00367671,
        "or_ci_hi": 1.04802106,
        "sig": "*"
      }
    },
    "fit": {
      "aic": 7398.81,
      "bic": 8204.97,
      "n": 20000,
      "deviance": 7194.81
    }
  },
  "model2": {
    "type": "random_effects_logit",
    "coefficients": {
      "intercept": {
        "estimate": 0.030256,
        "se": 1.192598,
        "z": 0.0254,
        "p": 0.9797603,
        "or": 1.03071788,
        "or_ci_lo": 0.09953592,
        "or_ci_hi": 10.67332627,
        "sig": ""
      },
      "infection_pct": {
        "estimate": 0.94097,
        "se": 0.061518,
        "z": 15.2959,
        "p": 8.14653237e-53,
        "or": 2.562467,
        "or_ci_lo": 2.27139753,
        "or_ci_hi": 2.89083573,
        "sig": "***"
      },
      "infection_pct_sq": {
        "estimate": 0.017966,
        "se": 0.01049,
        "z": 1.7127,
        "p": 0.08676394,
        "or": 1.0181285,
        "or_ci_lo": 0.99740944,
        "or_ci_hi": 1.03927795,
        "sig": "."
      },
      "male": {
        "estimate": -0.656358,
        "se": 0.515338,
        "z": -1.2736,
        "p": 0.20278865,
        "or": 0.51873708,
        "or_ci_lo": 0.18892222,
        "or_ci_hi": 1.42433308,
        "sig": ""
      },
      "extraverted": {
        "estimate": -5.436053,
        "se": 0.534564,
        "z": -10.1691,
        "p": 2.7229647e-24,
        "or": 0.00435665,
        "or_ci_lo": 0.001528,
        "or_ci_hi": 0.01242173,
        "sig": "***"
      },
      "agreeable": {
        "estimate": 1.983157,
        "se": 0.511781,
        "z": 3.875,
        "p": 0.00010662,
        "or": 7.26564379,
        "or_ci_lo": 2.66463185,
        "or_ci_hi": 19.81120943,
        "sig": "***"
      },
      "conscientious": {
        "estimate": 5.634524,
        "se": 0.522956,
        "z": 10.7744,
        "p": 4.54815753e-27,
        "or": 279.92565384,
        "or_ci_lo": 100.43704895,
        "or_ci_hi": 780.17397462,
        "sig": "***"
      },
      "emot_stable": {
        "estimate": -6.381077,
        "se": 0.55031,
        "z": -11.5954,
        "p": 4.3472149e-31,
        "or": 0.0016933,
        "or_ci_lo": 0.00057584,
        "or_ci_hi": 0.00497928,
        "sig": "***"
      },
      "open_to_exp": {
        "estimate": -0.361402,
        "se": 0.51737,
        "z": -0.6985,
        "p": 0.48484079,
        "or": 0.69669856,
        "or_ci_lo": 0.25272656,
        "or_ci_hi": 1.9206089,
        "sig": ""
      },
      "age": {
        "estimate": 0.015672,
        "se": 0.019473,
        "z": 0.8048,
        "p": 0.42093073,
        "or": 1.01579563,
        "or_ci_lo": 0.97775584,
        "or_ci_hi": 1.05531536,
        "sig": ""
      }
    },
    "fit": {
      "aic": 7617.99,
      "bic": 7704.92,
      "n": 20000,
      "n_groups": 100,
      "re_variance": 5.15875
    },
    "warning": {}
  }
}
