{
  "config_key": "gemini_gemini-2_0-flash_off",
  "label": "Gemini gemini-2.0-flash",
  "model1": {
    "type": "fixed_effects_logit",
    "coefficients": {
      "intercept": {
        "estimate": -4.627508,
        "se": 0.206097,
        "z": -22.4531,
        "p": 1.19372575e-111,
        "or": 0.00977909,
        "or_ci_lo": 0.00652928,
        "or_ci_hi": 0.01464643,
        "sig": "***"
      },
      "infection_pct": {
        "estimate": 2.082554,
        "se": 0.049692,
        "z": 41.9093,
        "p": 0,
        "or": 8.02494223,
        "or_ci_lo": 7.2801987,
        "or_ci_hi": 8.84587089,
        "sig": "***"
      },
      "infection_pct_sq": {
        "estimate": -0.238196,
        "se": 0.007267,
        "z": -32.7799,
        "p": 1.13769733e-235,
        "or": 0.78804826,
        "or_ci_lo": 0.77690413,
        "or_ci_hi": 0.79935224,
        "sig": "***"
      }
    },
    "fit": {
      "aic": 12104.5,
      "bic": 12910.66,
      "n": 20000,
      "deviance": 11900.5
    }
  },
  "model2": {
    "type": "random_effects_logit",
    "coefficients": {
      "intercept": {
        "estimate": -1.668812,
        "se": 0.758948,
        "z": -2.1988,
        "p": 0.0278887,
        "or": 0.18847082,
        "or_ci_lo": 0.04258085,
        "or_ci_hi": 0.8342071,
        "sig": "*"
      },
      "infection_pct": {
        "estimate": 2.073811,
        "se": 0.049358,
        "z": 42.0154,
        "p": 0,
        "or": 7.95508193,
        "or_ci_lo": 7.22154318,
        "or_ci_hi": 8.76313094,
        "sig": "***"
      },
      "infection_pct_sq": {
        "estimate": -0.237235,
        "se": 0.007225,
        "z": -32.8368,
        "p": 1.75563788e-236,
        "or": 0.7888058,
        "or_ci_lo": 0.77771475,
        "or_ci_hi": 0.80005502,
        "sig": "***"
      },
      "male": {
        "estimate": -0.279192,
        "se": 0.33902,
        "z": -0.8235,
        "p": 0.41020775,
        "or": 0.75639437,
        "or_ci_lo": 0.38919634,
        "or_ci_hi": 1.47003552,
        "sig": ""
      },
      "extraverted": {
        "estimate": -3.164526,
        "se": 0.342826,
        "z": -9.2307,
        "p": 2.68882129e-20,
        "or": 0.04223417,
        "or_ci_lo": 0.02156971,
        "or_ci_hi": 0.08269584,
        "sig": "***"
      },
      "agreeable": {
        "estimate": 2.130121,
        "se": 0.335964,
        "z": 6.3403,
        "p": 2.29274163e-10,
        "or": 8.41588389,
        "or_ci_lo": 4.35633855,
        "or_ci_hi": 16.2584016,
        "sig": "***"
      },
      "conscientious": {
        "estimate": 3.137731,
        "se": 0.34123,
        "z": 9.1954,
        "p": 3.73715128e-20,
        "or": 23.0514978,
        "or_ci_lo": 11.80969618,
        "or_ci_hi": 44.99451493,
        "sig": "***"
      },
      "emot_stable": {
        "estimate": -3.505878,
        "se": 0.346186,
        "z": -10.1272,
        "p": 4.18634106e-24,
        "or": 0.03002041,
        "or_ci_lo": 0.01523131,
        "or_ci_hi": 0.05916921,
        "sig": "***"
      },
      "open_to_exp": {
        "estimate": 0.689818,
        "se": 0.340914,
        "z": 2.0234,
        "p": 0.04302832,
        "or": 1.99335257,
        "or_ci_lo": 1.02186143,
        "or_ci_hi": 3.88844744,
        "sig": "*"
      },
      "age": {
        "estimate": -0.005796,
        "se": 0.012482,
        "z": -0.4643,
        "p": 0.64242798,
        "or": 0.99422111,
        "or_ci_lo": 0.97019218,
        "or_ci_hi": 1.01884517,
        "sig": ""
      }
    },
    "fit": {
      "aic": 12369.83,
      "bic": 12456.77,
      "n": 20000,
      "n_groups": 100,
      "re_variance": 2.478942
    },
    "warning": {}
  }
}
