{
  "config_key": "gemini_gemini-3-flash-preview_medium",
  "label": "Gemini gemini-3-flash-preview (medium)",
  "model1": {
    "type": "fixed_effects_logit",
    "coefficients": {
      "intercept": {
        "estimate": -22.73706,
        "se": 1197.081356,
        "z": -0.019,
        "p": 0.98484609,
        "or": 1.33481286e-10,
        "or_ci_lo": 0,
        "or_ci_hi": "Inf",
        "sig": ""
      },
      "infection_pct": {
        "estimate": 1.239585,
        "se": 0.063493,
        "z": 19.5231,
        "p": 6.98986179e-85,
        "or": 3.4541808,
        "or_ci_lo": 3.04999022,
        "or_ci_hi": 3.91193549,
        "sig": "***"
      },
      "infection_pct_sq": {
        "estimate": -0.112173,
        "se": 0.009383,
        "z": -11.9549,
        "p": 6.118523e-33,
        "or": 0.89388955,
        "or_ci_lo": 0.87760056,
        "or_ci_hi": 0.91048087,
        "sig": "***"
      }
    },
    "fit": {
      "aic": 6588.2,
      "bic": 7394.36,
      "n": 20000,
      "deviance": 6384.2
    }
  },
  "model2": {
    "type": "random_effects_logit",
    "coefficients": {
      "intercept": {
        "estimate": -6.186151,
        "se": 1.061128,
        "z": -5.8298,
        "p": 5.54981649e-09,
        "or": 0.00205773,
        "or_ci_lo": 0.00025712,
        "or_ci_hi": 0.01646794,
        "sig": "***"
      },
      "infection_pct": {
        "estimate": 1.235052,
        "se": 0.063187,
        "z": 19.5461,
        "p": 4.45498713e-85,
        "or": 3.43855765,
        "or_ci_lo": 3.03802051,
        "or_ci_hi": 3.89190219,
        "sig": "***"
      },
      "infection_pct_sq": {
        "estimate": -0.112107,
        "se": 0.009327,
        "z": -12.0197,
        "p": 2.80068666e-33,
        "or": 0.8939485,
        "or_ci_lo": 0.87775483,
        "or_ci_hi": 0.91044093,
        "sig": "***"
      },
      "male": {
        "estimate": -0.534737,
        "se": 0.468101,
        "z": -1.1424,
        "p": 0.25330655,
        "or": 0.58582339,
        "or_ci_lo": 0.23405153,
        "or_ci_hi": 1.46629693,
        "sig": ""
      },
      "extraverted": {
        "estimate": -6.235187,
        "se": 0.516249,
        "z": -12.0779,
        "p": 1.38263748e-33,
        "or": 0.00195926,
        "or_ci_lo": 0.00071228,
        "or_ci_hi": 0.0053893,
        "sig": "***"
      },
      "agreeable": {
        "estimate": 3.364256,
        "se": 0.478751,
        "z": 7.0272,
        "p": 2.10782132e-12,
        "or": 28.91197956,
        "or_ci_lo": 11.31246165,
        "or_ci_hi": 73.89218969,
        "sig": "***"
      },
      "conscientious": {
        "estimate": 5.164992,
        "se": 0.495618,
        "z": 10.4213,
        "p": 1.98187127e-25,
        "or": 175.03608436,
        "or_ci_lo": 66.25964263,
        "or_ci_hi": 462.38750484,
        "sig": "***"
      },
      "emot_stable": {
        "estimate": -6.586899,
        "se": 0.536346,
        "z": -12.2811,
        "p": 1.14487058e-34,
        "or": 0.00137831,
        "or_ci_lo": 0.00048172,
        "or_ci_hi": 0.0039436,
        "sig": "***"
      },
      "open_to_exp": {
        "estimate": 3.704727,
        "se": 0.484181,
        "z": 7.6515,
        "p": 1.98594961e-14,
        "or": 40.63893518,
        "or_ci_lo": 15.73255462,
        "or_ci_hi": 104.97488121,
        "sig": "***"
      },
      "age": {
        "estimate": 0.026723,
        "se": 0.017674,
        "z": 1.512,
        "p": 0.13054615,
        "or": 1.02708279,
        "or_ci_lo": 0.99211238,
        "or_ci_hi": 1.06328586,
        "sig": ""
      }
    },
    "fit": {
      "aic": 6681.72,
      "bic": 6768.66,
      "n": 20000,
      "n_groups": 100,
      "re_variance": 2.863388
    },
    "warning": {}
  }
}
