{
  "config_key": "gemini_gemini-3-flash-preview_off",
  "label": "Gemini gemini-3-flash-preview",
  "model1": {
    "type": "fixed_effects_logit",
    "coefficients": {
      "intercept": {
        "estimate": -22.512488,
        "se": 1196.522413,
        "z": -0.0188,
        "p": 0.98498874,
        "or": 1.67090052e-10,
        "or_ci_lo": 0,
        "or_ci_hi": "Inf",
        "sig": ""
      },
      "infection_pct": {
        "estimate": 0.988806,
        "se": 0.066701,
        "z": 14.8244,
        "p": 1.01825801e-49,
        "or": 2.68802297,
        "or_ci_lo": 2.35860861,
        "or_ci_hi": 3.06344488,
        "sig": "***"
      },
      "infection_pct_sq": {
        "estimate": -0.069215,
        "se": 0.009807,
        "z": -7.0575,
        "p": 1.69477793e-12,
        "or": 0.93312591,
        "or_ci_lo": 0.91536044,
        "or_ci_hi": 0.95123618,
        "sig": "***"
      }
    },
    "fit": {
      "aic": 5822.89,
      "bic": 6629.05,
      "n": 20000,
      "deviance": 5618.89,
      "null_deviance": 18706.32,
      "pseudo_r2": 0.6996
    }
  },
  "model2": {
    "type": "random_effects_logit",
    "coefficients": {
      "intercept": {
        "estimate": -5.840037,
        "se": 1.235516,
        "z": -4.7268,
        "p": 2.28085536e-06,
        "or": 0.00290874,
        "or_ci_lo": 0.00025823,
        "or_ci_hi": 0.03276398,
        "sig": "***"
      },
      "infection_pct": {
        "estimate": 0.987934,
        "se": 0.066337,
        "z": 14.8927,
        "p": 3.67712549e-50,
        "or": 2.68567937,
        "or_ci_lo": 2.35823507,
        "or_ci_hi": 3.05858978,
        "sig": "***"
      },
      "infection_pct_sq": {
        "estimate": -0.070059,
        "se": 0.009723,
        "z": -7.2058,
        "p": 5.7698366e-13,
        "or": 0.93233849,
        "or_ci_lo": 0.91473976,
        "or_ci_hi": 0.9502758,
        "sig": "***"
      },
      "male": {
        "estimate": -1.090212,
        "se": 0.558977,
        "z": -1.9504,
        "p": 0.05113207,
        "or": 0.33614507,
        "or_ci_lo": 0.11238689,
        "or_ci_hi": 1.00539762,
        "sig": "."
      },
      "extraverted": {
        "estimate": -5.8366,
        "se": 0.626968,
        "z": -9.3092,
        "p": 1.28742853e-20,
        "or": 0.00291875,
        "or_ci_lo": 0.0008541,
        "or_ci_hi": 0.00997431,
        "sig": "***"
      },
      "agreeable": {
        "estimate": 3.253382,
        "se": 0.566615,
        "z": 5.7418,
        "p": 9.36833176e-09,
        "or": 25.87771677,
        "or_ci_lo": 8.52341202,
        "or_ci_hi": 78.56668477,
        "sig": "***"
      },
      "conscientious": {
        "estimate": 4.591702,
        "se": 0.59054,
        "z": 7.7754,
        "p": 7.51941997e-15,
        "or": 98.66223677,
        "or_ci_lo": 31.00793826,
        "or_ci_hi": 313.92725576,
        "sig": "***"
      },
      "emot_stable": {
        "estimate": -4.710522,
        "se": 0.612652,
        "z": -7.6887,
        "p": 1.48590249e-14,
        "or": 0.00900008,
        "or_ci_lo": 0.00270861,
        "or_ci_hi": 0.02990516,
        "sig": "***"
      },
      "open_to_exp": {
        "estimate": 3.785547,
        "se": 0.603151,
        "z": 6.2763,
        "p": 3.46770339e-10,
        "or": 44.05976419,
        "or_ci_lo": 13.50919002,
        "or_ci_hi": 143.69942366,
        "sig": "***"
      },
      "age": {
        "estimate": -0.028478,
        "se": 0.021276,
        "z": -1.3385,
        "p": 0.18073415,
        "or": 0.97192324,
        "or_ci_lo": 0.93222578,
        "or_ci_hi": 1.01331116,
        "sig": ""
      }
    },
    "fit": {
      "aic": 5898.41,
      "bic": 5985.34,
      "n": 20000,
      "n_groups": 100,
      "re_variance": 3.663365
    },
    "warning": {}
  }
}
