{
  "config_key": "gemini_gemini-2_5-flash-lite_off",
  "label": "Gemini gemini-2.5-flash-lite",
  "model1": {
    "type": "fixed_effects_logit",
    "coefficients": {
      "intercept": {
        "estimate": 0.012237,
        "se": 0.235396,
        "z": 0.052,
        "p": 0.95854239,
        "or": 1.01231174,
        "or_ci_lo": 0.63817642,
        "or_ci_hi": 1.60578649,
        "sig": ""
      },
      "infection_pct": {
        "estimate": -1.862523,
        "se": 0.043557,
        "z": -42.761,
        "p": 0,
        "or": 0.15528035,
        "or_ci_lo": 0.14257401,
        "or_ci_hi": 0.1691191,
        "sig": "***"
      },
      "infection_pct_sq": {
        "estimate": 0.218882,
        "se": 0.006503,
        "z": 33.6604,
        "p": 2.19543526e-248,
        "or": 1.24468408,
        "or_ci_lo": 1.22892102,
        "or_ci_hi": 1.26064934,
        "sig": "***"
      }
    },
    "fit": {
      "aic": 13744.38,
      "bic": 14550.54,
      "n": 20000,
      "deviance": 13540.38
    }
  },
  "model2": {
    "type": "random_effects_logit",
    "coefficients": {
      "intercept": {
        "estimate": 8.47109,
        "se": 0.838974,
        "z": 10.097,
        "p": 5.69801483e-24,
        "or": 4774.71478771,
        "or_ci_lo": 922.14296971,
        "or_ci_hi": 24722.74045654,
        "sig": "***"
      },
      "infection_pct": {
        "estimate": -1.860608,
        "se": 0.043418,
        "z": -42.8538,
        "p": 0,
        "or": 0.15557794,
        "or_ci_lo": 0.14288618,
        "or_ci_hi": 0.16939704,
        "sig": "***"
      },
      "infection_pct_sq": {
        "estimate": 0.218661,
        "se": 0.006484,
        "z": 33.7207,
        "p": 2.87168958e-249,
        "or": 1.24440983,
        "or_ci_lo": 1.22869398,
        "or_ci_hi": 1.26032668,
        "sig": "***"
      },
      "male": {
        "estimate": -0.187364,
        "se": 0.366691,
        "z": -0.511,
        "p": 0.60937958,
        "or": 0.82914188,
        "or_ci_lo": 0.40410615,
        "or_ci_hi": 1.70122692,
        "sig": ""
      },
      "extraverted": {
        "estimate": -4.992528,
        "se": 0.377986,
        "z": -13.2082,
        "p": 7.86336182e-40,
        "or": 0.00678848,
        "or_ci_lo": 0.00323612,
        "or_ci_hi": 0.01424035,
        "sig": "***"
      },
      "agreeable": {
        "estimate": 0.686165,
        "se": 0.361995,
        "z": 1.8955,
        "p": 0.05802495,
        "or": 1.98608416,
        "or_ci_lo": 0.9769251,
        "or_ci_hi": 4.03769981,
        "sig": "."
      },
      "conscientious": {
        "estimate": 0.078103,
        "se": 0.368869,
        "z": 0.2117,
        "p": 0.83231229,
        "or": 1.08123414,
        "or_ci_lo": 0.52472579,
        "or_ci_hi": 2.22795845,
        "sig": ""
      },
      "emot_stable": {
        "estimate": -1.47016,
        "se": 0.376229,
        "z": -3.9076,
        "p": 0.00009321,
        "or": 0.2298888,
        "or_ci_lo": 0.10996776,
        "or_ci_hi": 0.48058503,
        "sig": "***"
      },
      "open_to_exp": {
        "estimate": -1.574477,
        "se": 0.370641,
        "z": -4.248,
        "p": 0.00002157,
        "or": 0.20711594,
        "or_ci_lo": 0.10016536,
        "or_ci_hi": 0.42826197,
        "sig": "***"
      },
      "age": {
        "estimate": -0.039112,
        "se": 0.013519,
        "z": -2.8931,
        "p": 0.00381493,
        "or": 0.96164257,
        "or_ci_lo": 0.93649569,
        "or_ci_hi": 0.9874647,
        "sig": "**"
      }
    },
    "fit": {
      "aic": 14045.73,
      "bic": 14132.67,
      "n": 20000,
      "n_groups": 100,
      "re_variance": 2.947381
    },
    "warning": {}
  }
}
