{
  "config_key": "gemini_gemini-3-flash-preview_off",
  "label": "Gemini gemini-3-flash-preview",
  "model1": {
    "type": "fixed_effects_logit",
    "coefficients": {
      "intercept": {
        "estimate": -22.512488,
        "se": 1196.522413,
        "z": -0.0188,
        "p": 0.98498874,
        "or": 1.67090052e-10,
        "or_ci_lo": 0,
        "or_ci_hi": "Inf",
        "sig": ""
      },
      "infection_pct": {
        "estimate": 0.988806,
        "se": 0.066701,
        "z": 14.8244,
        "p": 1.01825801e-49,
        "or": 2.68802297,
        "or_ci_lo": 2.35860861,
        "or_ci_hi": 3.06344488,
        "sig": "***"
      },
      "infection_pct_sq": {
        "estimate": -0.069215,
        "se": 0.009807,
        "z": -7.0575,
        "p": 1.69477793e-12,
        "or": 0.93312591,
        "or_ci_lo": 0.91536044,
        "or_ci_hi": 0.95123618,
        "sig": "***"
      }
    },
    "fit": {
      "aic": 5822.89,
      "bic": 6629.05,
      "n": 20000,
      "deviance": 5618.89,
      "null_deviance": 18706.32,
      "pseudo_r2": 0.6996
    }
  },
  "model2": {
    "type": "random_effects_logit",
    "coefficients": {
      "intercept": {
        "estimate": -5.840037,
        "se": 1.235516,
        "z": -4.7268,
        "p": 2.28085536e-06,
        "or": 0.00290874,
        "or_ci_lo": 0.00025823,
        "or_ci_hi": 0.03276398,
        "sig": "***"
      },
      "infection_pct": {
        "estimate": 0.987934,
        "se": 0.066337,
        "z": 14.8927,
        "p": 3.67712549e-50,
        "or": 2.68567937,
        "or_ci_lo": 2.35823507,
        "or_ci_hi": 3.05858978,
        "sig": "***"
      },
      "infection_pct_sq": {
        "estimate": -0.070059,
        "se": 0.009723,
        "z": -7.2058,
        "p": 5.7698366e-13,
        "or": 0.93233849,
        "or_ci_lo": 0.91473976,
        "or_ci_hi": 0.9502758,
        "sig": "***"
      },
      "male": {
        "estimate": -1.090212,
        "se": 0.558977,
        "z": -1.9504,
        "p": 0.05113207,
        "or": 0.33614507,
        "or_ci_lo": 0.11238689,
        "or_ci_hi": 1.00539762,
        "sig": "."
      },
      "extraverted": {
        "estimate": -5.8366,
        "se": 0.626968,
        "z": -9.3092,
        "p": 1.28742853e-20,
        "or": 0.00291875,
        "or_ci_lo": 0.0008541,
        "or_ci_hi": 0.00997431,
        "sig": "***"
      },
      "agreeable": {
        "estimate": 3.253382,
        "se": 0.566615,
        "z": 5.7418,
        "p": 9.36833176e-09,
        "or": 25.87771677,
        "or_ci_lo": 8.52341202,
        "or_ci_hi": 78.56668477,
        "sig": "***"
      },
      "conscientious": {
        "estimate": 4.591702,
        "se": 0.59054,
        "z": 7.7754,
        "p": 7.51941997e-15,
        "or": 98.66223677,
        "or_ci_lo": 31.00793826,
        "or_ci_hi": 313.92725576,
        "sig": "***"
      },
      "emot_stable": {
        "estimate": -4.710522,
        "se": 0.612652,
        "z": -7.6887,
        "p": 1.48590249e-14,
        "or": 0.00900008,
        "or_ci_lo": 0.00270861,
        "or_ci_hi": 0.02990516,
        "sig": "***"
      },
      "open_to_exp": {
        "estimate": 3.785547,
        "se": 0.603151,
        "z": 6.2763,
        "p": 3.46770339e-10,
        "or": 44.05976419,
        "or_ci_lo": 13.50919002,
        "or_ci_hi": 143.69942366,
        "sig": "***"
      },
      "age": {
        "estimate": -0.028478,
        "se": 0.021276,
        "z": -1.3385,
        "p": 0.18073415,
        "or": 0.97192324,
        "or_ci_lo": 0.93222578,
        "or_ci_hi": 1.01331116,
        "sig": ""
      }
    },
    "fit": {
      "aic": 5898.41,
      "bic": 5985.34,
      "n": 20000,
      "n_groups": 100,
      "re_variance": 3.663365
    },
    "warning": {}
  },
  "model3": {
    "type": "mention_interaction_logit",
    "formula": "stay_home ~ infection_pct + I(infection_pct^2) + male + extraverted + agreeable + conscientious + emot_stable + open_to_exp + age_years + mentioned_ext + mentioned_agr + mentioned_con + mentioned_neu + mentioned_ope + mentioned_infection + mentioned_age + extraverted:mentioned_ext + agreeable:mentioned_agr + conscientious:mentioned_con + emot_stable:mentioned_neu + open_to_exp:mentioned_ope + infection_pct:mentioned_infection + (1 | agent_id)",
    "coefficients": {
      "intercept": {
        "estimate": -7.181806,
        "se": 1.484088,
        "z": -4.8392,
        "p": 1.3035835e-06,
        "or": 0.00076029,
        "or_ci_lo": 0.00004147,
        "or_ci_hi": 0.01393997,
        "sig": "***"
      },
      "infection_pct": {
        "estimate": 0.79564,
        "se": 0.090267,
        "z": 8.8143,
        "p": 1.20467268e-18,
        "or": 2.21585947,
        "or_ci_lo": 1.85654354,
        "or_ci_hi": 2.64471751,
        "sig": "***"
      },
      "infection_pct_sq": {
        "estimate": -0.06707,
        "se": 0.010683,
        "z": -6.2785,
        "p": 3.41878524e-10,
        "or": 0.93512936,
        "or_ci_lo": 0.91575332,
        "or_ci_hi": 0.95491536,
        "sig": "***"
      },
      "male": {
        "estimate": -0.831196,
        "se": 0.667229,
        "z": -1.2457,
        "p": 0.21285848,
        "or": 0.43552799,
        "or_ci_lo": 0.1177767,
        "or_ci_hi": 1.61054459,
        "sig": ""
      },
      "extraverted": {
        "estimate": -5.969868,
        "se": 0.756136,
        "z": -7.8952,
        "p": 2.8976917e-15,
        "or": 0.00255458,
        "or_ci_lo": 0.00058034,
        "or_ci_hi": 0.01124488,
        "sig": "***"
      },
      "agreeable": {
        "estimate": 4.046912,
        "se": 0.67798,
        "z": 5.9691,
        "p": 2.38608413e-09,
        "or": 57.22048359,
        "or_ci_lo": 15.15106352,
        "or_ci_hi": 216.10256851,
        "sig": "***"
      },
      "conscientious": {
        "estimate": 5.777932,
        "se": 0.718676,
        "z": 8.0397,
        "p": 9.00633001e-16,
        "or": 323.09019863,
        "or_ci_lo": 78.99048502,
        "or_ci_hi": 1321.51709697,
        "sig": "***"
      },
      "emot_stable": {
        "estimate": -4.068031,
        "se": 0.736406,
        "z": -5.5242,
        "p": 3.31051391e-08,
        "or": 0.01711104,
        "or_ci_lo": 0.0040405,
        "or_ci_hi": 0.0724633,
        "sig": "***"
      },
      "open_to_exp": {
        "estimate": 4.529558,
        "se": 0.720794,
        "z": 6.2841,
        "p": 3.29718569e-10,
        "or": 92.71753978,
        "or_ci_lo": 22.5740412,
        "or_ci_hi": 380.8153847,
        "sig": "***"
      },
      "mentioned_ext": {
        "estimate": 1.259128,
        "se": 0.146833,
        "z": 8.5752,
        "p": 9.88892326e-18,
        "or": 3.52234704,
        "or_ci_lo": 2.64146759,
        "or_ci_hi": 4.69698311,
        "sig": "***"
      },
      "mentioned_agr": {
        "estimate": -0.814499,
        "se": 0.16212,
        "z": -5.024,
        "p": 5.05963197e-07,
        "or": 0.44286101,
        "or_ci_lo": 0.3223055,
        "or_ci_hi": 0.60850923,
        "sig": "***"
      },
      "mentioned_con": {
        "estimate": -1.603276,
        "se": 0.328278,
        "z": -4.8839,
        "p": 1.040122e-06,
        "or": 0.20123623,
        "or_ci_lo": 0.10574748,
        "or_ci_hi": 0.38295022,
        "sig": "***"
      },
      "mentioned_neu": {
        "estimate": 1.767495,
        "se": 0.161541,
        "z": 10.9414,
        "p": 7.30268303e-28,
        "or": 5.85616807,
        "or_ci_lo": 4.26684415,
        "or_ci_hi": 8.03748701,
        "sig": "***"
      },
      "mentioned_ope": {
        "estimate": -0.997786,
        "se": 0.204157,
        "z": -4.8874,
        "p": 1.02200236e-06,
        "or": 0.3686949,
        "or_ci_lo": 0.24710725,
        "or_ci_hi": 0.55010904,
        "sig": "***"
      },
      "mentioned_infection": {
        "estimate": -0.214511,
        "se": 0.194159,
        "z": -1.1048,
        "p": 0.26923577,
        "or": 0.80693574,
        "or_ci_lo": 0.5515282,