{
  "config_key": "gemini_gemini-2_5-flash_off",
  "label": "Gemini gemini-2.5-flash",
  "model1": {
    "type": "fixed_effects_logit",
    "coefficients": {
      "intercept": {
        "estimate": -21.541882,
        "se": 1233.437543,
        "z": -0.0175,
        "p": 0.98606572,
        "or": 4.41041733e-10,
        "or_ci_lo": 0,
        "or_ci_hi": "Inf",
        "sig": ""
      },
      "infection_pct": {
        "estimate": 0.530828,
        "se": 0.055367,
        "z": 9.5875,
        "p": 9.02689901e-22,
        "or": 1.70033992,
        "or_ci_lo": 1.52548006,
        "or_ci_hi": 1.89524329,
        "sig": "***"
      },
      "infection_pct_sq": {
        "estimate": -0.035968,
        "se": 0.008458,
        "z": -4.2526,
        "p": 0.00002113,
        "or": 0.96467101,
        "or_ci_lo": 0.94881103,
        "or_ci_hi": 0.9807961,
        "sig": "***"
      }
    },
    "fit": {
      "aic": 7347.14,
      "bic": 8153.3,
      "n": 20000,
      "deviance": 7143.14,
      "null_deviance": 19161.58,
      "pseudo_r2": 0.6272
    }
  },
  "model2": {
    "type": "random_effects_logit",
    "coefficients": {
      "intercept": {
        "estimate": -3.392515,
        "se": 0.967359,
        "z": -3.507,
        "p": 0.00045321,
        "or": 0.03362402,
        "or_ci_lo": 0.00504914,
        "or_ci_hi": 0.22391442,
        "sig": "***"
      },
      "infection_pct": {
        "estimate": 0.528573,
        "se": 0.055148,
        "z": 9.5846,
        "p": 9.28263656e-22,
        "or": 1.69650901,
        "or_ci_lo": 1.5226956,
        "or_ci_hi": 1.89016295,
        "sig": "***"
      },
      "infection_pct_sq": {
        "estimate": -0.035823,
        "se": 0.008422,
        "z": -4.2533,
        "p": 0.00002107,
        "or": 0.96481116,
        "or_ci_lo": 0.94901482,
        "or_ci_hi": 0.98087044,
        "sig": "***"
      },
      "male": {
        "estimate": -0.066447,
        "se": 0.435239,
        "z": -0.1527,
        "p": 0.87866072,
        "or": 0.9357127,
        "or_ci_lo": 0.3987119,
        "or_ci_hi": 2.1959672,
        "sig": ""
      },
      "extraverted": {
        "estimate": -7.353282,
        "se": 0.560616,
        "z": -13.1164,
        "p": 2.65119289e-39,
        "or": 0.00064049,
        "or_ci_lo": 0.00021345,
        "or_ci_hi": 0.00192184,
        "sig": "***"
      },
      "agreeable": {
        "estimate": 1.630045,
        "se": 0.437424,
        "z": 3.7265,
        "p": 0.00019418,
        "or": 5.10410258,
        "or_ci_lo": 2.16559306,
        "or_ci_hi": 12.02989778,
        "sig": "***"
      },
      "conscientious": {
        "estimate": 2.714768,
        "se": 0.447837,
        "z": 6.062,
        "p": 1.34474432e-09,
        "or": 15.10110128,
        "or_ci_lo": 6.27772462,
        "or_ci_hi": 36.32578263,
        "sig": "***"
      },
      "emot_stable": {
        "estimate": -2.610603,
        "se": 0.463405,
        "z": -5.6335,
        "p": 1.76558936e-08,
        "or": 0.07349022,
        "or_ci_lo": 0.02963273,
        "or_ci_hi": 0.18225837,
        "sig": "***"
      },
      "open_to_exp": {
        "estimate": 2.430757,
        "se": 0.453946,
        "z": 5.3547,
        "p": 8.56863599e-08,
        "or": 11.36748775,
        "or_ci_lo": 4.66936355,
        "or_ci_hi": 27.67395951,
        "sig": "***"
      },
      "age": {
        "estimate": -0.008445,
        "se": 0.016836,
        "z": -0.5016,
        "p": 0.61592386,
        "or": 0.99159013,
        "or_ci_lo": 0.95940344,
        "or_ci_hi": 1.02485663,
        "sig": ""
      }
    },
    "fit": {
      "aic": 7430.62,
      "bic": 7517.56,
      "n": 20000,
      "n_groups": 100,
      "re_variance": 2.378818
    },
    "warning": {}
  },
  "model3": {
    "type": "mention_interaction_logit",
    "formula": "stay_home ~ infection_pct + I(infection_pct^2) + male + extraverted + agreeable + conscientious + emot_stable + open_to_exp + age_years + mentioned_ext + mentioned_agr + mentioned_con + mentioned_neu + mentioned_ope + mentioned_infection + mentioned_age + extraverted:mentioned_ext + agreeable:mentioned_agr + conscientious:mentioned_con + emot_stable:mentioned_neu + open_to_exp:mentioned_ope + age_years:mentioned_age + (1 | agent_id)",
    "coefficients": {
      "intercept": {
        "estimate": -6.42919,
        "se": 1.074008,
        "z": -5.9862,
        "p": 2.14842075e-09,
        "or": 0.00161376,
        "or_ci_lo": 0.00019662,
        "or_ci_hi": 0.013245,
        "sig": "***"
      },
      "infection_pct": {
        "estimate": 0.553702,
        "se": 0.060428,
        "z": 9.163,
        "p": 5.0460945e-20,
        "or": 1.73968184,
        "or_ci_lo": 1.54537041,
        "or_ci_hi": 1.95842555,
        "sig": "***"
      },
      "infection_pct_sq": {
        "estimate": -0.032703,
        "se": 0.009263,
        "z": -3.5304,
        "p": 0.00041497,
        "or": 0.96782556,
        "or_ci_lo": 0.95041194,
        "or_ci_hi": 0.98555823,
        "sig": "***"
      },
      "male": {
        "estimate": 0.312857,
        "se": 0.440414,
        "z": 0.7104,
        "p": 0.47747496,
        "or": 1.36732533,
        "or_ci_lo": 0.5767454,
        "or_ci_hi": 3.24160116,
        "sig": ""
      },
      "extraverted": {
        "estimate": -3.888096,
        "se": 0.565228,
        "z": -6.8788,
        "p": 6.03556597e-12,
        "or": 0.02048432,
        "or_ci_lo": 0.00676534,
        "or_ci_hi": 0.0620231,
        "sig": "***"
      },
      "agreeable": {
        "estimate": -0.702276,
        "se": 0.491791,
        "z": -1.428,
        "p": 0.15329275,
        "or": 0.49545615,
        "or_ci_lo": 0.18896616,
        "or_ci_hi": 1.29905163,
        "sig": ""
      },
      "conscientious": {
        "estimate": -1.184461,
        "se": 0.957528,
        "z": -1.237,
        "p": 0.21608749,
        "or": 0.30591089,
        "or_ci_lo": 0.04683067,
        "or_ci_hi": 1.99829432,
        "sig": ""
      },
      "emot_stable": {
        "estimate": -1.606009,
        "se": 0.472525,
        "z": -3.3988,
        "p": 0.00067686,
        "or": 0.200687,
        "or_ci_lo": 0.07948738,
        "or_ci_hi": 0.50668763,
        "sig": "***"
      },
      "open_to_exp": {
        "estimate": 2.348852,
        "se": 0.463876,
        "z": 5.0635,
        "p": 4.11540633e-07,
        "or": 10.47354422,
        "or_ci_lo": 4.21924619,
        "or_ci_hi": 25.9987504,
        "sig": "***"
      },
      "mentioned_ext": {
        "estimate": 2.05157,
        "se": 0.111853,
        "z": 18.3417,
        "p": 3.84605532e-75,
        "or": 7.78010769,
        "or_ci_lo": 6.24848282,
        "or_ci_hi": 9.68716367,
        "sig": "***"
      },
      "mentioned_agr": {
        "estimate": 0.140755,
        "se": 0.12411,
        "z": 1.1341,
        "p": 0.25674302,
        "or": 1.15114309,
        "or_ci_lo": 0.90257886,
        "or_ci_hi": 1.46816027,
        "sig": ""
      },
      "mentioned_con": {
        "estimate": -0.28217,
        "se": 0.197581,
        "z": -1.4281,
        "p": 0.15325515,
        "or": 0.75414511,
        "or_ci_lo": 0.512001,
        "or_ci_hi": 1.11080807,
        "sig": ""
      },
      "mentioned_neu": {
        "estimate": 1.446008,
        "se": 0.164961,
        "z": 8.7658,
        "p": 1.85507713e-18,
        "or": 4.24613166,
        "or_ci_lo": 3.07309483,
        "or_ci_hi": 5.8669306,
        "sig": "***"
      },
      "mentioned_ope": {
        "estimate": 0.545584,
        "se": 0.17874,
        "z": 3.0524,
        "p": 0.00227021,
        "or": 1.72561628,
        "or_ci_lo": 1.21562058,
        "or_ci_hi": 2.44957314,
        "sig": "**"
      },
      "mentioned_infection": {
        "estimate": 1.257998,
        "se": 0.453766,
        "z": 2.7723,
        "p": 0.00556537,
        "or": 3.51837078,
        "or_ci_lo": 1.44573197,
        "or_ci_hi": 8.5623983,
        "sig": "**"
      },