{
  "config_key": "gemini_gemini-3-flash-preview_low",
  "label": "Gemini gemini-3-flash-preview (low)",
  "model1": {
    "type": "fixed_effects_logit",
    "coefficients": {
      "intercept": {
        "estimate": -22.48001,
        "se": 1206.645908,
        "z": -0.0186,
        "p": 0.98513614,
        "or": 1.72605925e-10,
        "or_ci_lo": 0,
        "or_ci_hi": "Inf",
        "sig": ""
      },
      "infection_pct": {
        "estimate": 1.106065,
        "se": 0.062722,
        "z": 17.6344,
        "p": 1.34211409e-69,
        "or": 3.02244244,
        "or_ci_lo": 2.67280852,
        "or_ci_hi": 3.41781247,
        "sig": "***"
      },
      "infection_pct_sq": {
        "estimate": -0.099877,
        "se": 0.009474,
        "z": -10.5418,
        "p": 5.54188878e-26,
        "or": 0.90494839,
        "or_ci_lo": 0.88829873,
        "or_ci_hi": 0.92191012,
        "sig": "***"
      }
    },
    "fit": {
      "aic": 6420.4,
      "bic": 7226.55,
      "n": 20000,
      "deviance": 6216.4,
      "null_deviance": 23310.44,
      "pseudo_r2": 0.7333
    }
  },
  "model2": {
    "type": "random_effects_logit",
    "coefficients": {
      "intercept": {
        "estimate": -5.313238,
        "se": 1.039193,
        "z": -5.1128,
        "p": 3.17338198e-07,
        "or": 0.00492595,
        "or_ci_lo": 0.00064256,
        "or_ci_hi": 0.03776326,
        "sig": "***"
      },
      "infection_pct": {
        "estimate": 1.098331,
        "se": 0.062326,
        "z": 17.6223,
        "p": 1.66098616e-69,
        "or": 2.99915626,
        "or_ci_lo": 2.65427535,
        "or_ci_hi": 3.38884896,
        "sig": "***"
      },
      "infection_pct_sq": {
        "estimate": -0.099412,
        "se": 0.009398,
        "z": -10.5779,
        "p": 3.77191011e-26,
        "or": 0.90536925,
        "or_ci_lo": 0.88884477,
        "or_ci_hi": 0.92220094,
        "sig": "***"
      },
      "male": {
        "estimate": -0.502656,
        "se": 0.45804,
        "z": -1.0974,
        "p": 0.27246329,
        "or": 0.60492168,
        "or_ci_lo": 0.24649483,
        "or_ci_hi": 1.48453511,
        "sig": ""
      },
      "extraverted": {
        "estimate": -6.465976,
        "se": 0.51307,
        "z": -12.6025,
        "p": 2.04524308e-36,
        "or": 0.00155547,
        "or_ci_lo": 0.00056902,
        "or_ci_hi": 0.00425203,
        "sig": "***"
      },
      "agreeable": {
        "estimate": 3.427996,
        "se": 0.471715,
        "z": 7.2671,
        "p": 3.67329343e-13,
        "or": 30.81482207,
        "or_ci_lo": 12.22439536,
        "or_ci_hi": 77.67691006,
        "sig": "***"
      },
      "conscientious": {
        "estimate": 4.993098,
        "se": 0.485502,
        "z": 10.2844,
        "p": 8.28624369e-25,
        "or": 147.39229643,
        "or_ci_lo": 56.91238485,
        "or_ci_hi": 381.71812872,
        "sig": "***"
      },
      "emot_stable": {
        "estimate": -6.263402,
        "se": 0.526545,
        "z": -11.8953,
        "p": 1.25232893e-32,
        "or": 0.00190475,
        "or_ci_lo": 0.00067863,
        "or_ci_hi": 0.00534618,
        "sig": "***"
      },
      "open_to_exp": {
        "estimate": 3.635814,
        "se": 0.47709,
        "z": 7.6208,
        "p": 2.52082377e-14,
        "or": 37.93271979,
        "or_ci_lo": 14.89041316,
        "or_ci_hi": 96.6320555,
        "sig": "***"
      },
      "age": {
        "estimate": 0.009744,
        "se": 0.017307,
        "z": 0.563,
        "p": 0.57341965,
        "or": 1.00979163,
        "or_ci_lo": 0.97611299,
        "or_ci_hi": 1.04463227,
        "sig": ""
      }
    },
    "fit": {
      "aic": 6504.83,
      "bic": 6591.77,
      "n": 20000,
      "n_groups": 100,
      "re_variance": 2.726282
    },
    "warning": {}
  }
}
