{
  "config_key": "gemini_gemini-3-flash-preview_high",
  "label": "Gemini gemini-3-flash-preview (high)",
  "model1": {
    "type": "fixed_effects_logit",
    "coefficients": {
      "intercept": {
        "estimate": -22.480441,
        "se": 1205.056703,
        "z": -0.0187,
        "p": 0.98511626,
        "or": 1.72531589e-10,
        "or_ci_lo": 0,
        "or_ci_hi": "Inf",
        "sig": ""
      },
      "infection_pct": {
        "estimate": 1.094854,
        "se": 0.060738,
        "z": 18.026,
        "p": 1.21894289e-72,
        "or": 2.9887469,
        "or_ci_lo": 2.65331125,
        "or_ci_hi": 3.36658884,
        "sig": "***"
      },
      "infection_pct_sq": {
        "estimate": -0.096895,
        "se": 0.009055,
        "z": -10.7009,
        "p": 1.00798078e-26,
        "or": 0.9076515,
        "or_ci_lo": 0.89168509,
        "or_ci_hi": 0.92390381,
        "sig": "***"
      }
    },
    "fit": {
      "aic": 6883.48,
      "bic": 7689.63,
      "n": 20000,
      "deviance": 6679.48,
      "null_deviance": 23169.59,
      "pseudo_r2": 0.7117
    }
  },
  "model2": {
    "type": "random_effects_logit",
    "coefficients": {
      "intercept": {
        "estimate": -6.031709,
        "se": 1.020527,
        "z": -5.9104,
        "p": 3.41310973e-09,
        "or": 0.00240139,
        "or_ci_lo": 0.00032492,
        "or_ci_hi": 0.01774813,
        "sig": "***"
      },
      "infection_pct": {
        "estimate": 1.090511,
        "se": 0.060455,
        "z": 18.0385,
        "p": 9.72288143e-73,
        "or": 2.97579571,
        "or_ci_lo": 2.64327853,
        "or_ci_hi": 3.35014264,
        "sig": "***"
      },
      "infection_pct_sq": {
        "estimate": -0.096757,
        "se": 0.008999,
        "z": -10.7521,
        "p": 5.79477152e-27,
        "or": 0.90777694,
        "or_ci_lo": 0.89190612,
        "or_ci_hi": 0.92393017,
        "sig": "***"
      },
      "male": {
        "estimate": -0.614092,
        "se": 0.440908,
        "z": -1.3928,
        "p": 0.16368353,
        "or": 0.54113196,
        "or_ci_lo": 0.22803137,
        "or_ci_hi": 1.28413821,
        "sig": ""
      },
      "extraverted": {
        "estimate": -5.756313,
        "se": 0.482272,
        "z": -11.9358,
        "p": 7.69976277e-33,
        "or": 0.00316275,
        "or_ci_lo": 0.00122899,
        "or_ci_hi": 0.00813923,
        "sig": "***"
      },
      "agreeable": {
        "estimate": 3.363354,
        "se": 0.453595,
        "z": 7.4149,
        "p": 1.2173226e-13,
        "or": 28.88590188,
        "or_ci_lo": 11.87348189,
        "or_ci_hi": 70.27385354,
        "sig": "***"
      },
      "conscientious": {
        "estimate": 4.958607,
        "se": 0.468192,
        "z": 10.591,
        "p": 3.28139744e-26,
        "or": 142.39529076,
        "or_ci_lo": 56.88044059,
        "or_ci_hi": 356.47436308,
        "sig": "***"
      },
      "emot_stable": {
        "estimate": -6.509142,
        "se": 0.509136,
        "z": -12.7847,
        "p": 1.99699657e-37,
        "or": 0.00148976,
        "or_ci_lo": 0.0005492,
        "or_ci_hi": 0.00404111,
        "sig": "***"
      },
      "open_to_exp": {
        "estimate": 3.788942,
        "se": 0.462075,
        "z": 8.1998,
        "p": 2.40706658e-16,
        "or": 44.20959117,
        "or_ci_lo": 17.87270384,
        "or_ci_hi": 109.35603074,
        "sig": "***"
      },
      "age": {
        "estimate": 0.023918,
        "se": 0.016868,
        "z": 1.4179,
        "p": 0.15621175,
        "or": 1.02420646,
        "or_ci_lo": 0.99089781,
        "or_ci_hi": 1.05863477,
        "sig": ""
      }
    },
    "fit": {
      "aic": 6971.79,
      "bic": 7058.73,
      "n": 20000,
      "n_groups": 100,
      "re_variance": 2.505722
    },
    "warning": {}
  },
  "model3": {
    "type": "mention_interaction_logit",
    "formula": "stay_home ~ infection_pct + I(infection_pct^2) + male + extraverted + agreeable + conscientious + emot_stable + open_to_exp + age_years + mentioned_ext + mentioned_agr + mentioned_con + mentioned_neu + mentioned_ope + mentioned_infection + mentioned_age + extraverted:mentioned_ext + agreeable:mentioned_agr + conscientious:mentioned_con + emot_stable:mentioned_neu + open_to_exp:mentioned_ope + infection_pct:mentioned_infection + (1 | agent_id)",
    "coefficients": {
      "intercept": {
        "estimate": -7.332562,
        "se": 1.272809,
        "z": -5.7609,
        "p": 8.36530223e-09,
        "or": 0.0006539,
        "or_ci_lo": 0.00005396,
        "or_ci_hi": 0.00792403,
        "sig": "***"
      },
      "infection_pct": {
        "estimate": 0.65898,
        "se": 0.154529,
        "z": 4.2644,
        "p": 0.00002004,
        "or": 1.93281908,
        "or_ci_lo": 1.42775338,
        "or_ci_hi": 2.61655106,
        "sig": "***"
      },
      "infection_pct_sq": {
        "estimate": -0.202747,
        "se": 0.018879,
        "z": -10.7391,
        "p": 6.666558e-27,
        "or": 0.8164846,
        "or_ci_lo": 0.78682405,
        "or_ci_hi": 0.84726326,
        "sig": "***"
      },
      "male": {
        "estimate": -1.037379,
        "se": 0.547408,
        "z": -1.8951,
        "p": 0.05808247,
        "or": 0.35438222,
        "or_ci_lo": 0.12120173,
        "or_ci_hi": 1.03617959,
        "sig": "."
      },
      "extraverted": {
        "estimate": -3.896347,
        "se": 0.597283,
        "z": -6.5234,
        "p": 6.87094014e-11,
        "or": 0.020316,
        "or_ci_lo": 0.00630116,
        "or_ci_hi": 0.06550221,
        "sig": "***"
      },
      "agreeable": {
        "estimate": 2.288408,
        "se": 0.561346,
        "z": 4.0766,
        "p": 0.00004569,
        "or": 9.85923233,
        "or_ci_lo": 3.28106898,
        "or_ci_hi": 29.62585142,
        "sig": "***"
      },
      "conscientious": {
        "estimate": 3.324671,
        "se": 0.608921,
        "z": 5.4599,
        "p": 4.76305812e-08,
        "or": 27.78984916,
        "or_ci_lo": 8.42484676,
        "or_ci_hi": 91.66644076,
        "sig": "***"
      },
      "emot_stable": {
        "estimate": -3.425598,
        "se": 0.624579,
        "z": -5.4847,
        "p": 4.14277925e-08,
        "or": 0.03252983,
        "or_ci_lo": 0.00956378,
        "or_ci_hi": 0.11064551,
        "sig": "***"
      },
      "open_to_exp": {
        "estimate": 2.917369,
        "se": 0.573972,
        "z": 5.0828,
        "p": 3.71959723e-07,
        "or": 18.49257576,
        "or_ci_lo": 6.00375278,
        "or_ci_hi": 56.9602665,
        "sig": "***"
      },
      "mentioned_ext": {
        "estimate": 9.442178,
        "se": 0.488897,
        "z": 19.3132,
        "p": 4.15635673e-83,
        "or": 12609.1514586,
        "or_ci_lo": 4836.47231007,
        "or_ci_hi": 32873.27835512,
        "sig": "***"
      },
      "mentioned_agr": {
        "estimate": -4.333055,
        "se": 0.277248,
        "z": -15.6288,
        "p": 4.63497138e-55,
        "or": 0.01312738,
        "or_ci_lo": 0.00762394,
        "or_ci_hi": 0.02260355,
        "sig": "***"
      },
      "mentioned_con": {
        "estimate": -4.500991,
        "se": 0.399729,
        "z": -11.2601,
        "p": 2.06512761e-29,
        "or": 0.01109799,
        "or_ci_lo": 0.00506977,
        "or_ci_hi": 0.02429409,
        "sig": "***"
      },
      "mentioned_neu": {
        "estimate": 3.219278,
        "se": 0.273708,
        "z": 11.7617,
        "p": 6.14810784e-32,
        "or": 25.01005575,
        "or_ci_lo": 14.6261257,
        "or_ci_hi": 42.76613656,
        "sig": "***"
      },
      "mentioned_ope": {
        "estimate": -2.250702,
        "se": 0.272059,
        "z": -8.2728,
        "p": 1.30804665e-16,
        "or": 0.10532531,
        "or_ci_lo": 0.06179472,
        "or_ci_hi": 0.17952054,
        "sig": "***"
      },
      "mentioned_infection": {
        "estimate": 0.926876,
        "se": 0.314104,
        "z": 2.9509,
        "p": 0.00316899,
        "or": 2.52660247,