{
  "config_key": "gemini_gemini-3-flash-preview_low",
  "label": "Gemini gemini-3-flash-preview (low)",
  "model1": {
    "type": "fixed_effects_logit",
    "coefficients": {
      "intercept": {
        "estimate": -22.48001,
        "se": 1206.645908,
        "z": -0.0186,
        "p": 0.98513614,
        "or": 1.72605925e-10,
        "or_ci_lo": 0,
        "or_ci_hi": "Inf",
        "sig": ""
      },
      "infection_pct": {
        "estimate": 1.106065,
        "se": 0.062722,
        "z": 17.6344,
        "p": 1.34211409e-69,
        "or": 3.02244244,
        "or_ci_lo": 2.67280852,
        "or_ci_hi": 3.41781247,
        "sig": "***"
      },
      "infection_pct_sq": {
        "estimate": -0.099877,
        "se": 0.009474,
        "z": -10.5418,
        "p": 5.54188878e-26,
        "or": 0.90494839,
        "or_ci_lo": 0.88829873,
        "or_ci_hi": 0.92191012,
        "sig": "***"
      }
    },
    "fit": {
      "aic": 6420.4,
      "bic": 7226.55,
      "n": 20000,
      "deviance": 6216.4,
      "null_deviance": 23310.44,
      "pseudo_r2": 0.7333
    }
  },
  "model2": {
    "type": "random_effects_logit",
    "coefficients": {
      "intercept": {
        "estimate": -5.313238,
        "se": 1.039193,
        "z": -5.1128,
        "p": 3.17338198e-07,
        "or": 0.00492595,
        "or_ci_lo": 0.00064256,
        "or_ci_hi": 0.03776326,
        "sig": "***"
      },
      "infection_pct": {
        "estimate": 1.098331,
        "se": 0.062326,
        "z": 17.6223,
        "p": 1.66098616e-69,
        "or": 2.99915626,
        "or_ci_lo": 2.65427535,
        "or_ci_hi": 3.38884896,
        "sig": "***"
      },
      "infection_pct_sq": {
        "estimate": -0.099412,
        "se": 0.009398,
        "z": -10.5779,
        "p": 3.77191011e-26,
        "or": 0.90536925,
        "or_ci_lo": 0.88884477,
        "or_ci_hi": 0.92220094,
        "sig": "***"
      },
      "male": {
        "estimate": -0.502656,
        "se": 0.45804,
        "z": -1.0974,
        "p": 0.27246329,
        "or": 0.60492168,
        "or_ci_lo": 0.24649483,
        "or_ci_hi": 1.48453511,
        "sig": ""
      },
      "extraverted": {
        "estimate": -6.465976,
        "se": 0.51307,
        "z": -12.6025,
        "p": 2.04524308e-36,
        "or": 0.00155547,
        "or_ci_lo": 0.00056902,
        "or_ci_hi": 0.00425203,
        "sig": "***"
      },
      "agreeable": {
        "estimate": 3.427996,
        "se": 0.471715,
        "z": 7.2671,
        "p": 3.67329343e-13,
        "or": 30.81482207,
        "or_ci_lo": 12.22439536,
        "or_ci_hi": 77.67691006,
        "sig": "***"
      },
      "conscientious": {
        "estimate": 4.993098,
        "se": 0.485502,
        "z": 10.2844,
        "p": 8.28624369e-25,
        "or": 147.39229643,
        "or_ci_lo": 56.91238485,
        "or_ci_hi": 381.71812872,
        "sig": "***"
      },
      "emot_stable": {
        "estimate": -6.263402,
        "se": 0.526545,
        "z": -11.8953,
        "p": 1.25232893e-32,
        "or": 0.00190475,
        "or_ci_lo": 0.00067863,
        "or_ci_hi": 0.00534618,
        "sig": "***"
      },
      "open_to_exp": {
        "estimate": 3.635814,
        "se": 0.47709,
        "z": 7.6208,
        "p": 2.52082377e-14,
        "or": 37.93271979,
        "or_ci_lo": 14.89041316,
        "or_ci_hi": 96.6320555,
        "sig": "***"
      },
      "age": {
        "estimate": 0.009744,
        "se": 0.017307,
        "z": 0.563,
        "p": 0.57341965,
        "or": 1.00979163,
        "or_ci_lo": 0.97611299,
        "or_ci_hi": 1.04463227,
        "sig": ""
      }
    },
    "fit": {
      "aic": 6504.83,
      "bic": 6591.77,
      "n": 20000,
      "n_groups": 100,
      "re_variance": 2.726282
    },
    "warning": {}
  },
  "model3": {
    "type": "mention_interaction_logit",
    "formula": "stay_home ~ infection_pct + I(infection_pct^2) + male + extraverted + agreeable + conscientious + emot_stable + open_to_exp + age_years + mentioned_ext + mentioned_agr + mentioned_con + mentioned_neu + mentioned_ope + mentioned_infection + mentioned_age + extraverted:mentioned_ext + agreeable:mentioned_agr + conscientious:mentioned_con + emot_stable:mentioned_neu + open_to_exp:mentioned_ope + infection_pct:mentioned_infection + (1 | agent_id)",
    "coefficients": {
      "intercept": {
        "estimate": -6.393327,
        "se": 1.216061,
        "z": -5.2574,
        "p": 1.46099794e-07,
        "or": 0.00167268,
        "or_ci_lo": 0.00015427,
        "or_ci_hi": 0.01813615,
        "sig": "***"
      },
      "infection_pct": {
        "estimate": 0.169912,
        "se": 0.20137,
        "z": 0.8438,
        "p": 0.39879216,
        "or": 1.18520097,
        "or_ci_lo": 0.79869705,
        "or_ci_hi": 1.7587411,
        "sig": ""
      },
      "infection_pct_sq": {
        "estimate": -0.177904,
        "se": 0.019175,
        "z": -9.2778,
        "p": 1.72946601e-20,
        "or": 0.83702266,
        "or_ci_lo": 0.80614838,
        "or_ci_hi": 0.86907938,
        "sig": "***"
      },
      "male": {
        "estimate": -0.594024,
        "se": 0.519451,
        "z": -1.1436,
        "p": 0.25280589,
        "or": 0.55210121,
        "or_ci_lo": 0.19945869,
        "or_ci_hi": 1.52821495,
        "sig": ""
      },
      "extraverted": {
        "estimate": -4.581306,
        "se": 0.594924,
        "z": -7.7007,
        "p": 1.35362693e-14,
        "or": 0.01024152,
        "or_ci_lo": 0.00319121,
        "or_ci_hi": 0.03286801,
        "sig": "***"
      },
      "agreeable": {
        "estimate": 2.648761,
        "se": 0.535713,
        "z": 4.9444,
        "p": 7.6392763e-07,
        "or": 14.13651226,
        "or_ci_lo": 4.94691021,
        "or_ci_hi": 40.39713081,
        "sig": "***"
      },
      "conscientious": {
        "estimate": 2.986831,
        "se": 0.576157,
        "z": 5.1841,
        "p": 2.17112354e-07,
        "or": 19.82276708,
        "or_ci_lo": 6.40810066,
        "or_ci_hi": 61.31958843,
        "sig": "***"
      },
      "emot_stable": {
        "estimate": -3.052444,
        "se": 0.597727,
        "z": -5.1068,
        "p": 3.27744764e-07,
        "or": 0.04724334,
        "or_ci_lo": 0.01464013,
        "or_ci_hi": 0.15245306,
        "sig": "***"
      },
      "open_to_exp": {
        "estimate": 2.601041,
        "se": 0.540166,
        "z": 4.8153,
        "p": 1.47007211e-06,
        "or": 13.47775482,
        "or_ci_lo": 4.6754022,
        "or_ci_hi": 38.85224575,
        "sig": "***"
      },
      "mentioned_ext": {
        "estimate": 8.27842,
        "se": 0.404016,
        "z": 20.4903,
        "p": 2.62748983e-93,
        "or": 3937.96641467,
        "or_ci_lo": 1783.88258114,
        "or_ci_hi": 8693.16156066,
        "sig": "***"
      },
      "mentioned_agr": {
        "estimate": -3.820417,
        "se": 0.278451,
        "z": -13.7203,
        "p": 7.67885748e-43,
        "or": 0.02191866,
        "or_ci_lo": 0.01269965,
        "or_ci_hi": 0.03782997,
        "sig": "***"
      },
      "mentioned_con": {
        "estimate": -5.388284,
        "se": 0.4229,
        "z": -12.7413,
        "p": 3.48660925e-37,
        "or": 0.00456981,
        "or_ci_lo": 0.00199489,
        "or_ci_hi": 0.01046833,
        "sig": "***"
      },
      "mentioned_neu": {
        "estimate": 3.943485,
        "se": 0.321683,
        "z": 12.2589,
        "p": 1.50471675e-34,
        "or": 51.59812901,
        "or_ci_lo": 27.46705871,
        "or_ci_hi": 96.92945088,
        "sig": "***"
      },
      "mentioned_ope": {
        "estimate": -3.085259,
        "se": 0.250412,
        "z": -12.3207,
        "p": 7.00543673e-35,
        "or": 0.04571817,
        "or_ci_lo": 0.02798555,
        "or_ci_hi": 0.0746868,
        "sig": "***"
      },
      "mentioned_infection": {
        "estimate": 0.626631,
        "se": 0.37801,
        "z": 1.6577,
        "p": 0.0973759,
        "or": 1.87129644,