{
  "config_key": "gemini_gemini-2_5-flash_off",
  "label": "Gemini gemini-2.5-flash",
  "model1": {
    "type": "fixed_effects_logit",
    "coefficients": {
      "intercept": {
        "estimate": -21.541882,
        "se": 1233.437543,
        "z": -0.0175,
        "p": 0.98606572,
        "or": 4.41041733e-10,
        "or_ci_lo": 0,
        "or_ci_hi": "Inf",
        "sig": ""
      },
      "infection_pct": {
        "estimate": 0.530828,
        "se": 0.055367,
        "z": 9.5875,
        "p": 9.02689901e-22,
        "or": 1.70033992,
        "or_ci_lo": 1.52548006,
        "or_ci_hi": 1.89524329,
        "sig": "***"
      },
      "infection_pct_sq": {
        "estimate": -0.035968,
        "se": 0.008458,
        "z": -4.2526,
        "p": 0.00002113,
        "or": 0.96467101,
        "or_ci_lo": 0.94881103,
        "or_ci_hi": 0.9807961,
        "sig": "***"
      }
    },
    "fit": {
      "aic": 7347.14,
      "bic": 8153.3,
      "n": 20000,
      "deviance": 7143.14,
      "null_deviance": 19161.58,
      "pseudo_r2": 0.6272
    }
  },
  "model2": {
    "type": "random_effects_logit",
    "coefficients": {
      "intercept": {
        "estimate": -3.392515,
        "se": 0.967359,
        "z": -3.507,
        "p": 0.00045321,
        "or": 0.03362402,
        "or_ci_lo": 0.00504914,
        "or_ci_hi": 0.22391442,
        "sig": "***"
      },
      "infection_pct": {
        "estimate": 0.528573,
        "se": 0.055148,
        "z": 9.5846,
        "p": 9.28263656e-22,
        "or": 1.69650901,
        "or_ci_lo": 1.5226956,
        "or_ci_hi": 1.89016295,
        "sig": "***"
      },
      "infection_pct_sq": {
        "estimate": -0.035823,
        "se": 0.008422,
        "z": -4.2533,
        "p": 0.00002107,
        "or": 0.96481116,
        "or_ci_lo": 0.94901482,
        "or_ci_hi": 0.98087044,
        "sig": "***"
      },
      "male": {
        "estimate": -0.066447,
        "se": 0.435239,
        "z": -0.1527,
        "p": 0.87866072,
        "or": 0.9357127,
        "or_ci_lo": 0.3987119,
        "or_ci_hi": 2.1959672,
        "sig": ""
      },
      "extraverted": {
        "estimate": -7.353282,
        "se": 0.560616,
        "z": -13.1164,
        "p": 2.65119289e-39,
        "or": 0.00064049,
        "or_ci_lo": 0.00021345,
        "or_ci_hi": 0.00192184,
        "sig": "***"
      },
      "agreeable": {
        "estimate": 1.630045,
        "se": 0.437424,
        "z": 3.7265,
        "p": 0.00019418,
        "or": 5.10410258,
        "or_ci_lo": 2.16559306,
        "or_ci_hi": 12.02989778,
        "sig": "***"
      },
      "conscientious": {
        "estimate": 2.714768,
        "se": 0.447837,
        "z": 6.062,
        "p": 1.34474432e-09,
        "or": 15.10110128,
        "or_ci_lo": 6.27772462,
        "or_ci_hi": 36.32578263,
        "sig": "***"
      },
      "emot_stable": {
        "estimate": -2.610603,
        "se": 0.463405,
        "z": -5.6335,
        "p": 1.76558936e-08,
        "or": 0.07349022,
        "or_ci_lo": 0.02963273,
        "or_ci_hi": 0.18225837,
        "sig": "***"
      },
      "open_to_exp": {
        "estimate": 2.430757,
        "se": 0.453946,
        "z": 5.3547,
        "p": 8.56863599e-08,
        "or": 11.36748775,
        "or_ci_lo": 4.66936355,
        "or_ci_hi": 27.67395951,
        "sig": "***"
      },
      "age": {
        "estimate": -0.008445,
        "se": 0.016836,
        "z": -0.5016,
        "p": 0.61592386,
        "or": 0.99159013,
        "or_ci_lo": 0.95940344,
        "or_ci_hi": 1.02485663,
        "sig": ""
      }
    },
    "fit": {
      "aic": 7430.62,
      "bic": 7517.56,
      "n": 20000,
      "n_groups": 100,
      "re_variance": 2.378818
    },
    "warning": {}
  }
}
