{
  "config_key": "gemini_gemini-2_5-flash-lite_off",
  "label": "Gemini gemini-2.5-flash-lite",
  "model1": {
    "type": "fixed_effects_logit",
    "coefficients": {
      "intercept": {
        "estimate": 0.012237,
        "se": 0.235396,
        "z": 0.052,
        "p": 0.95854239,
        "or": 1.01231174,
        "or_ci_lo": 0.63817642,
        "or_ci_hi": 1.60578649,
        "sig": ""
      },
      "infection_pct": {
        "estimate": -1.862523,
        "se": 0.043557,
        "z": -42.761,
        "p": 0,
        "or": 0.15528035,
        "or_ci_lo": 0.14257401,
        "or_ci_hi": 0.1691191,
        "sig": "***"
      },
      "infection_pct_sq": {
        "estimate": 0.218882,
        "se": 0.006503,
        "z": 33.6604,
        "p": 2.19543526e-248,
        "or": 1.24468408,
        "or_ci_lo": 1.22892102,
        "or_ci_hi": 1.26064934,
        "sig": "***"
      }
    },
    "fit": {
      "aic": 13744.38,
      "bic": 14550.54,
      "n": 20000,
      "deviance": 13540.38,
      "null_deviance": 27723.24,
      "pseudo_r2": 0.5116
    }
  },
  "model2": {
    "type": "random_effects_logit",
    "coefficients": {
      "intercept": {
        "estimate": 8.47109,
        "se": 0.838974,
        "z": 10.097,
        "p": 5.69801483e-24,
        "or": 4774.71478771,
        "or_ci_lo": 922.14296971,
        "or_ci_hi": 24722.74045654,
        "sig": "***"
      },
      "infection_pct": {
        "estimate": -1.860608,
        "se": 0.043418,
        "z": -42.8538,
        "p": 0,
        "or": 0.15557794,
        "or_ci_lo": 0.14288618,
        "or_ci_hi": 0.16939704,
        "sig": "***"
      },
      "infection_pct_sq": {
        "estimate": 0.218661,
        "se": 0.006484,
        "z": 33.7207,
        "p": 2.87168958e-249,
        "or": 1.24440983,
        "or_ci_lo": 1.22869398,
        "or_ci_hi": 1.26032668,
        "sig": "***"
      },
      "male": {
        "estimate": -0.187364,
        "se": 0.366691,
        "z": -0.511,
        "p": 0.60937958,
        "or": 0.82914188,
        "or_ci_lo": 0.40410615,
        "or_ci_hi": 1.70122692,
        "sig": ""
      },
      "extraverted": {
        "estimate": -4.992528,
        "se": 0.377986,
        "z": -13.2082,
        "p": 7.86336182e-40,
        "or": 0.00678848,
        "or_ci_lo": 0.00323612,
        "or_ci_hi": 0.01424035,
        "sig": "***"
      },
      "agreeable": {
        "estimate": 0.686165,
        "se": 0.361995,
        "z": 1.8955,
        "p": 0.05802495,
        "or": 1.98608416,
        "or_ci_lo": 0.9769251,
        "or_ci_hi": 4.03769981,
        "sig": "."
      },
      "conscientious": {
        "estimate": 0.078103,
        "se": 0.368869,
        "z": 0.2117,
        "p": 0.83231229,
        "or": 1.08123414,
        "or_ci_lo": 0.52472579,
        "or_ci_hi": 2.22795845,
        "sig": ""
      },
      "emot_stable": {
        "estimate": -1.47016,
        "se": 0.376229,
        "z": -3.9076,
        "p": 0.00009321,
        "or": 0.2298888,
        "or_ci_lo": 0.10996776,
        "or_ci_hi": 0.48058503,
        "sig": "***"
      },
      "open_to_exp": {
        "estimate": -1.574477,
        "se": 0.370641,
        "z": -4.248,
        "p": 0.00002157,
        "or": 0.20711594,
        "or_ci_lo": 0.10016536,
        "or_ci_hi": 0.42826197,
        "sig": "***"
      },
      "age": {
        "estimate": -0.039112,
        "se": 0.013519,
        "z": -2.8931,
        "p": 0.00381493,
        "or": 0.96164257,
        "or_ci_lo": 0.93649569,
        "or_ci_hi": 0.9874647,
        "sig": "**"
      }
    },
    "fit": {
      "aic": 14045.73,
      "bic": 14132.67,
      "n": 20000,
      "n_groups": 100,
      "re_variance": 2.947381
    },
    "warning": {}
  },
  "model3": {
    "type": "mention_interaction_logit",
    "formula": "stay_home ~ infection_pct + I(infection_pct^2) + male + extraverted + agreeable + conscientious + emot_stable + open_to_exp + age_years + mentioned_ext + mentioned_agr + mentioned_con + mentioned_neu + mentioned_ope + mentioned_infection + mentioned_age + agreeable:mentioned_agr + conscientious:mentioned_con + emot_stable:mentioned_neu + open_to_exp:mentioned_ope + (1 | agent_id)",
    "coefficients": {
      "intercept": {
        "estimate": 6.912447,
        "se": 1.042158,
        "z": 6.6328,
        "p": 3.29335716e-11,
        "or": 1004.70299063,
        "or_ci_lo": 130.29706963,
        "or_ci_hi": 7747.12817618,
        "sig": "***"
      },
      "infection_pct": {
        "estimate": -1.6631,
        "se": 0.046934,
        "z": -35.4351,
        "p": 4.91749241e-275,
        "or": 0.1895504,
        "or_ci_lo": 0.17289162,
        "or_ci_hi": 0.20781431,
        "sig": "***"
      },
      "infection_pct_sq": {
        "estimate": 0.193936,
        "se": 0.007148,
        "z": 27.1323,
        "p": 4.09406399e-162,
        "or": 1.2140188,
        "or_ci_lo": 1.19712938,
        "or_ci_hi": 1.2311465,
        "sig": "***"
      },
      "male": {
        "estimate": -0.146659,
        "se": 0.414545,
        "z": -0.3538,
        "p": 0.72350098,
        "or": 0.86358828,
        "or_ci_lo": 0.38321208,
        "or_ci_hi": 1.94614091,
        "sig": ""
      },
      "extraverted": {
        "estimate": -5.1165,
        "se": 0.428452,
        "z": -11.9418,
        "p": 7.1626666e-33,
        "or": 0.00599697,
        "or_ci_lo": 0.00258956,
        "or_ci_hi": 0.01388793,
        "sig": "***"
      },
      "agreeable": {
        "estimate": 0.977452,
        "se": 0.411623,
        "z": 2.3746,
        "p": 0.01756644,
        "or": 2.65767676,
        "or_ci_lo": 1.18610172,
        "or_ci_hi": 5.95500847,
        "sig": "*"
      },
      "conscientious": {
        "estimate": 1.624639,
        "se": 0.479192,
        "z": 3.3904,
        "p": 0.00069798,
        "or": 5.07658645,
        "or_ci_lo": 1.98461013,
        "or_ci_hi": 12.9857898,
        "sig": "***"
      },
      "emot_stable": {
        "estimate": 0.420489,
        "se": 0.429755,
        "z": 0.9784,
        "p": 0.32785816,
        "or": 1.52270529,
        "or_ci_lo": 0.65584433,
        "or_ci_hi": 3.53533801,
        "sig": ""
      },
      "open_to_exp": {
        "estimate": -1.652211,
        "se": 0.422186,
        "z": -3.9135,
        "p": 0.00009098,
        "or": 0.19162571,
        "or_ci_lo": 0.08376865,
        "or_ci_hi": 0.43835504,
        "sig": "***"
      },
      "mentioned_ext": {
        "estimate": 0.75758,
        "se": 0.19327,
        "z": 3.9198,
        "p": 0.00008863,
        "or": 2.13310748,
        "or_ci_lo": 1.4604868,
        "or_ci_hi": 3.11550061,
        "sig": "***"
      },
      "mentioned_agr": {
        "estimate": -2.584111,
        "se": 0.230398,
        "z": -11.2159,
        "p": 3.4083124e-29,
        "or": 0.07546316,
        "or_ci_lo": 0.04804149,
        "or_ci_hi": 0.11853689,
        "sig": "***"
      },
      "mentioned_con": {
        "estimate": 1.170193,
        "se": 0.085288,
        "z": 13.7205,
        "p": 7.65454827e-43,
        "or": 3.22261546,
        "or_ci_lo": 2.72652742,
        "or_ci_hi": 3.80896604,
        "sig": "***"
      },
      "mentioned_neu": {
        "estimate": 2.974437,
        "se": 0.104098,
        "z": 28.5734,
        "p": 1.43971244e-179,
        "or": 19.57859401,
        "or_ci_lo": 15.96508804,
        "or_ci_hi": 24.00997367,
        "sig": "***"
      },
      "mentioned_ope": {
        "estimate": -0.600435,
        "se": 0.126339,
        "z": -4.7526,
        "p": 2.00827114e-06,
        "or": 0.54857272,
        "or_ci_lo": 0.42824534,
        "or_ci_hi": 0.7027094,
        "sig": "***"
      },
      "mentioned_infection": {
        "estimate": -0.72573,
        "se": 0.375305,
        "z": -1.9337,
        "p": 0.05314932,
        "or": 0.48397135,
        "or_ci_lo": 0.23192818,
        "or_ci_hi": 1.00991724,
        "sig": "."
      },
      "mentioned_age": {
        "estimate": 0.481278,