{
  "config_key": "gemini_gemini-3-flash-preview_medium",
  "label": "Gemini gemini-3-flash-preview (medium)",
  "model1": {
    "type": "fixed_effects_logit",
    "coefficients": {
      "intercept": {
        "estimate": -22.73706,
        "se": 1197.081356,
        "z": -0.019,
        "p": 0.98484609,
        "or": 1.33481286e-10,
        "or_ci_lo": 0,
        "or_ci_hi": "Inf",
        "sig": ""
      },
      "infection_pct": {
        "estimate": 1.239585,
        "se": 0.063493,
        "z": 19.5231,
        "p": 6.98986179e-85,
        "or": 3.4541808,
        "or_ci_lo": 3.04999022,
        "or_ci_hi": 3.91193549,
        "sig": "***"
      },
      "infection_pct_sq": {
        "estimate": -0.112173,
        "se": 0.009383,
        "z": -11.9549,
        "p": 6.118523e-33,
        "or": 0.89388955,
        "or_ci_lo": 0.87760056,
        "or_ci_hi": 0.91048087,
        "sig": "***"
      }
    },
    "fit": {
      "aic": 6588.2,
      "bic": 7394.36,
      "n": 20000,
      "deviance": 6384.2,
      "null_deviance": 23511.22,
      "pseudo_r2": 0.7285
    }
  },
  "model2": {
    "type": "random_effects_logit",
    "coefficients": {
      "intercept": {
        "estimate": -6.186151,
        "se": 1.061128,
        "z": -5.8298,
        "p": 5.54981649e-09,
        "or": 0.00205773,
        "or_ci_lo": 0.00025712,
        "or_ci_hi": 0.01646794,
        "sig": "***"
      },
      "infection_pct": {
        "estimate": 1.235052,
        "se": 0.063187,
        "z": 19.5461,
        "p": 4.45498713e-85,
        "or": 3.43855765,
        "or_ci_lo": 3.03802051,
        "or_ci_hi": 3.89190219,
        "sig": "***"
      },
      "infection_pct_sq": {
        "estimate": -0.112107,
        "se": 0.009327,
        "z": -12.0197,
        "p": 2.80068666e-33,
        "or": 0.8939485,
        "or_ci_lo": 0.87775483,
        "or_ci_hi": 0.91044093,
        "sig": "***"
      },
      "male": {
        "estimate": -0.534737,
        "se": 0.468101,
        "z": -1.1424,
        "p": 0.25330655,
        "or": 0.58582339,
        "or_ci_lo": 0.23405153,
        "or_ci_hi": 1.46629693,
        "sig": ""
      },
      "extraverted": {
        "estimate": -6.235187,
        "se": 0.516249,
        "z": -12.0779,
        "p": 1.38263748e-33,
        "or": 0.00195926,
        "or_ci_lo": 0.00071228,
        "or_ci_hi": 0.0053893,
        "sig": "***"
      },
      "agreeable": {
        "estimate": 3.364256,
        "se": 0.478751,
        "z": 7.0272,
        "p": 2.10782132e-12,
        "or": 28.91197956,
        "or_ci_lo": 11.31246165,
        "or_ci_hi": 73.89218969,
        "sig": "***"
      },
      "conscientious": {
        "estimate": 5.164992,
        "se": 0.495618,
        "z": 10.4213,
        "p": 1.98187127e-25,
        "or": 175.03608436,
        "or_ci_lo": 66.25964263,
        "or_ci_hi": 462.38750484,
        "sig": "***"
      },
      "emot_stable": {
        "estimate": -6.586899,
        "se": 0.536346,
        "z": -12.2811,
        "p": 1.14487058e-34,
        "or": 0.00137831,
        "or_ci_lo": 0.00048172,
        "or_ci_hi": 0.0039436,
        "sig": "***"
      },
      "open_to_exp": {
        "estimate": 3.704727,
        "se": 0.484181,
        "z": 7.6515,
        "p": 1.98594961e-14,
        "or": 40.63893518,
        "or_ci_lo": 15.73255462,
        "or_ci_hi": 104.97488121,
        "sig": "***"
      },
      "age": {
        "estimate": 0.026723,
        "se": 0.017674,
        "z": 1.512,
        "p": 0.13054615,
        "or": 1.02708279,
        "or_ci_lo": 0.99211238,
        "or_ci_hi": 1.06328586,
        "sig": ""
      }
    },
    "fit": {
      "aic": 6681.72,
      "bic": 6768.66,
      "n": 20000,
      "n_groups": 100,
      "re_variance": 2.863388
    },
    "warning": {}
  },
  "model3": {
    "type": "mention_interaction_logit",
    "formula": "stay_home ~ infection_pct + I(infection_pct^2) + male + extraverted + agreeable + conscientious + emot_stable + open_to_exp + age_years + mentioned_ext + mentioned_agr + mentioned_con + mentioned_neu + mentioned_ope + mentioned_infection + mentioned_age + extraverted:mentioned_ext + agreeable:mentioned_agr + conscientious:mentioned_con + emot_stable:mentioned_neu + open_to_exp:mentioned_ope + infection_pct:mentioned_infection + (1 | agent_id)",
    "coefficients": {
      "intercept": {
        "estimate": -7.885057,
        "se": 1.286664,
        "z": -6.1283,
        "p": 8.88244768e-10,
        "or": 0.00037633,
        "or_ci_lo": 0.00003022,
        "or_ci_hi": 0.0046859,
        "sig": "***"
      },
      "infection_pct": {
        "estimate": 0.699392,
        "se": 0.187876,
        "z": 3.7226,
        "p": 0.00019716,
        "or": 2.01252797,
        "or_ci_lo": 1.39257572,
        "or_ci_hi": 2.90847295,
        "sig": "***"
      },
      "infection_pct_sq": {
        "estimate": -0.193494,
        "se": 0.020342,
        "z": -9.5118,
        "p": 1.87339241e-21,
        "or": 0.82407465,
        "or_ci_lo": 0.79186417,
        "or_ci_hi": 0.85759536,
        "sig": "***"
      },
      "male": {
        "estimate": -0.85938,
        "se": 0.546256,
        "z": -1.5732,
        "p": 0.11566809,
        "or": 0.42342436,
        "or_ci_lo": 0.14514208,
        "or_ci_hi": 1.23525988,
        "sig": ""
      },
      "extraverted": {
        "estimate": -4.20438,
        "se": 0.625724,
        "z": -6.7192,
        "p": 1.82692546e-11,
        "or": 0.01493004,
        "or_ci_lo": 0.0043796,
        "or_ci_hi": 0.05089649,
        "sig": "***"
      },
      "agreeable": {
        "estimate": 2.322528,
        "se": 0.566421,
        "z": 4.1004,
        "p": 0.00004125,
        "or": 10.2014324,
        "or_ci_lo": 3.36135164,
        "or_ci_hi": 30.96052847,
        "sig": "***"
      },
      "conscientious": {
        "estimate": 3.683762,
        "se": 0.620798,
        "z": 5.9339,
        "p": 2.95795836e-09,
        "or": 39.79581075,
        "or_ci_lo": 11.78700646,
        "or_ci_hi": 134.36037033,
        "sig": "***"
      },
      "emot_stable": {
        "estimate": -2.910741,
        "se": 0.639864,
        "z": -4.549,
        "p": 5.39011204e-06,
        "or": 0.0544354,
        "or_ci_lo": 0.01553168,
        "or_ci_hi": 0.19078506,
        "sig": "***"
      },
      "open_to_exp": {
        "estimate": 2.99226,
        "se": 0.565411,
        "z": 5.2922,
        "p": 1.20865037e-07,
        "or": 19.93066986,
        "or_ci_lo": 6.58012446,
        "or_ci_hi": 60.36840239,
        "sig": "***"
      },
      "mentioned_ext": {
        "estimate": 10.612846,
        "se": 0.600805,
        "z": 17.6644,
        "p": 7.88906477e-70,
        "or": 40653.7374426,
        "or_ci_lo": 12522.31695108,
        "or_ci_hi": 131982.47373136,
        "sig": "***"
      },
      "mentioned_agr": {
        "estimate": -4.553092,
        "se": 0.320595,
        "z": -14.202,
        "p": 8.90356624e-46,
        "or": 0.01053459,
        "or_ci_lo": 0.00561981,
        "or_ci_hi": 0.01974756,
        "sig": "***"
      },
      "mentioned_con": {
        "estimate": -5.223958,
        "se": 0.468845,
        "z": -11.1422,
        "p": 7.81796816e-29,
        "or": 0.00538597,
        "or_ci_lo": 0.00214869,
        "or_ci_hi": 0.01350059,
        "sig": "***"
      },
      "mentioned_neu": {
        "estimate": 4.093557,
        "se": 0.342559,
        "z": 11.9499,
        "p": 6.49842939e-33,
        "or": 59.95278497,
        "or_ci_lo": 30.63493963,
        "or_ci_hi": 117.32800749,
        "sig": "***"
      },
      "mentioned_ope": {
        "estimate": -2.61824,
        "se": 0.28363,
        "z": -9.2312,
        "p": 2.67670801e-20,
        "or": 0.07293109,
        "or_ci_lo": 0.04182942,
        "or_ci_hi": 0.12715796,
        "sig": "***"
      },
      "mentioned_infection": {
        "estimate": 1.260974,
        "se": 0.371868,
        "z": 3.3909,
        "p": 0.0006966,
        "or": 3.52885554,