{
  "config_key": "gemini_gemini-2_0-flash_off",
  "label": "Gemini gemini-2.0-flash",
  "model1": {
    "type": "fixed_effects_logit",
    "coefficients": {
      "intercept": {
        "estimate": -4.627508,
        "se": 0.206097,
        "z": -22.4531,
        "p": 1.19372575e-111,
        "or": 0.00977909,
        "or_ci_lo": 0.00652928,
        "or_ci_hi": 0.01464643,
        "sig": "***"
      },
      "infection_pct": {
        "estimate": 2.082554,
        "se": 0.049692,
        "z": 41.9093,
        "p": 0,
        "or": 8.02494223,
        "or_ci_lo": 7.2801987,
        "or_ci_hi": 8.84587089,
        "sig": "***"
      },
      "infection_pct_sq": {
        "estimate": -0.238196,
        "se": 0.007267,
        "z": -32.7799,
        "p": 1.13769733e-235,
        "or": 0.78804826,
        "or_ci_lo": 0.77690413,
        "or_ci_hi": 0.79935224,
        "sig": "***"
      }
    },
    "fit": {
      "aic": 12104.5,
      "bic": 12910.66,
      "n": 20000,
      "deviance": 11900.5,
      "null_deviance": 27689.24,
      "pseudo_r2": 0.5702
    }
  },
  "model2": {
    "type": "random_effects_logit",
    "coefficients": {
      "intercept": {
        "estimate": -1.668812,
        "se": 0.758948,
        "z": -2.1988,
        "p": 0.0278887,
        "or": 0.18847082,
        "or_ci_lo": 0.04258085,
        "or_ci_hi": 0.8342071,
        "sig": "*"
      },
      "infection_pct": {
        "estimate": 2.073811,
        "se": 0.049358,
        "z": 42.0154,
        "p": 0,
        "or": 7.95508193,
        "or_ci_lo": 7.22154318,
        "or_ci_hi": 8.76313094,
        "sig": "***"
      },
      "infection_pct_sq": {
        "estimate": -0.237235,
        "se": 0.007225,
        "z": -32.8368,
        "p": 1.75563788e-236,
        "or": 0.7888058,
        "or_ci_lo": 0.77771475,
        "or_ci_hi": 0.80005502,
        "sig": "***"
      },
      "male": {
        "estimate": -0.279192,
        "se": 0.33902,
        "z": -0.8235,
        "p": 0.41020775,
        "or": 0.75639437,
        "or_ci_lo": 0.38919634,
        "or_ci_hi": 1.47003552,
        "sig": ""
      },
      "extraverted": {
        "estimate": -3.164526,
        "se": 0.342826,
        "z": -9.2307,
        "p": 2.68882129e-20,
        "or": 0.04223417,
        "or_ci_lo": 0.02156971,
        "or_ci_hi": 0.08269584,
        "sig": "***"
      },
      "agreeable": {
        "estimate": 2.130121,
        "se": 0.335964,
        "z": 6.3403,
        "p": 2.29274163e-10,
        "or": 8.41588389,
        "or_ci_lo": 4.35633855,
        "or_ci_hi": 16.2584016,
        "sig": "***"
      },
      "conscientious": {
        "estimate": 3.137731,
        "se": 0.34123,
        "z": 9.1954,
        "p": 3.73715128e-20,
        "or": 23.0514978,
        "or_ci_lo": 11.80969618,
        "or_ci_hi": 44.99451493,
        "sig": "***"
      },
      "emot_stable": {
        "estimate": -3.505878,
        "se": 0.346186,
        "z": -10.1272,
        "p": 4.18634106e-24,
        "or": 0.03002041,
        "or_ci_lo": 0.01523131,
        "or_ci_hi": 0.05916921,
        "sig": "***"
      },
      "open_to_exp": {
        "estimate": 0.689818,
        "se": 0.340914,
        "z": 2.0234,
        "p": 0.04302832,
        "or": 1.99335257,
        "or_ci_lo": 1.02186143,
        "or_ci_hi": 3.88844744,
        "sig": "*"
      },
      "age": {
        "estimate": -0.005796,
        "se": 0.012482,
        "z": -0.4643,
        "p": 0.64242798,
        "or": 0.99422111,
        "or_ci_lo": 0.97019218,
        "or_ci_hi": 1.01884517,
        "sig": ""
      }
    },
    "fit": {
      "aic": 12369.83,
      "bic": 12456.77,
      "n": 20000,
      "n_groups": 100,
      "re_variance": 2.478942
    },
    "warning": {}
  },
  "model3": {
    "type": "mention_interaction_logit",
    "formula": "stay_home ~ infection_pct + I(infection_pct^2) + male + extraverted + agreeable + conscientious + emot_stable + open_to_exp + age_years + mentioned_ext + mentioned_agr + mentioned_con + mentioned_neu + mentioned_ope + mentioned_infection + mentioned_age + agreeable:mentioned_agr + conscientious:mentioned_con + emot_stable:mentioned_neu + open_to_exp:mentioned_ope + (1 | agent_id)",
    "coefficients": {
      "intercept": {
        "estimate": -18.402988,
        "se": 264.513595,
        "z": -0.0696,
        "p": 0.94453358,
        "or": 1.01784975e-08,
        "or_ci_lo": 7.06587123e-234,
        "or_ci_hi": 1.466228419948242e+217,
        "sig": ""
      },
      "infection_pct": {
        "estimate": 2.08664,
        "se": 0.052537,
        "z": 39.7172,
        "p": 0,
        "or": 8.0577986,
        "or_ci_lo": 7.26935097,
        "or_ci_hi": 8.93176276,
        "sig": "***"
      },
      "infection_pct_sq": {
        "estimate": -0.235877,
        "se": 0.007675,
        "z": -30.7351,
        "p": 1.93684053e-207,
        "or": 0.78987746,
        "or_ci_lo": 0.77808495,
        "or_ci_hi": 0.80184868,
        "sig": "***"
      },
      "male": {
        "estimate": -0.265422,
        "se": 0.327656,
        "z": -0.8101,
        "p": 0.41790468,
        "or": 0.76688255,
        "or_ci_lo": 0.40348037,
        "or_ci_hi": 1.45758973,
        "sig": ""
      },
      "extraverted": {
        "estimate": -3.405932,
        "se": 0.332287,
        "z": -10.25,
        "p": 1.18373285e-24,
        "or": 0.03317588,
        "or_ci_lo": 0.01729713,
        "or_ci_hi": 0.06363129,
        "sig": "***"
      },
      "agreeable": {
        "estimate": 1.419676,
        "se": 0.331316,
        "z": 4.285,
        "p": 0.00001828,
        "or": 4.13577892,
        "or_ci_lo": 2.16040663,
        "or_ci_hi": 7.91733696,
        "sig": "***"
      },
      "conscientious": {
        "estimate": -12.044149,
        "se": 869.152007,
        "z": -0.0139,
        "p": 0.98894378,
        "or": 5.87885166e-06,
        "or_ci_lo": 0,
        "or_ci_hi": "Inf",
        "sig": ""
      },
      "emot_stable": {
        "estimate": -0.301494,
        "se": 0.400962,
        "z": -0.7519,
        "p": 0.45209584,
        "or": 0.73971254,
        "or_ci_lo": 0.33709877,
        "or_ci_hi": 1.6231879,
        "sig": ""
      },
      "open_to_exp": {
        "estimate": 0.747893,
        "se": 0.332396,
        "z": 2.25,
        "p": 0.02444851,
        "or": 2.11254418,
        "or_ci_lo": 1.10119623,
        "or_ci_hi": 4.05272264,
        "sig": "*"
      },
      "mentioned_ext": {
        "estimate": 0.034314,
        "se": 0.174596,
        "z": 0.1965,
        "p": 0.84419299,
        "or": 1.03490949,
        "or_ci_lo": 0.73499242,
        "or_ci_hi": 1.45720909,
        "sig": ""
      },
      "mentioned_agr": {
        "estimate": -1.157195,
        "se": 0.099769,
        "z": -11.5987,
        "p": 4.18443664e-31,
        "or": 0.31436666,
        "or_ci_lo": 0.25853001,
        "or_ci_hi": 0.38226276,
        "sig": "***"
      },
      "mentioned_con": {
        "estimate": 0.770768,
        "se": 0.097835,
        "z": 7.8782,
        "p": 3.32054362e-15,
        "or": 2.16142554,
        "or_ci_lo": 1.78427293,
        "or_ci_hi": 2.61829918,
        "sig": "***"
      },
      "mentioned_neu": {
        "estimate": 2.304056,
        "se": 0.224817,
        "z": 10.2486,
        "p": 1.20083249e-24,
        "or": 10.01472221,
        "or_ci_lo": 6.44571184,
        "or_ci_hi": 15.55990454,
        "sig": "***"
      },
      "mentioned_ope": {
        "estimate": -0.686996,
        "se": 0.08678,
        "z": -7.9165,
        "p": 2.44219201e-15,
        "or": 0.50308525,
        "or_ci_lo": 0.42439778,
        "or_ci_hi": 0.59636215,
        "sig": "***"
      },
      "mentioned_infection": {
        "estimate": 15.048303,
        "se": 264.512365,
        "z": 0.0569,
        "p": 0.95463224,
        "or": 3430795.10722201,
        "or_ci_lo": 2.38739276e-219,
        "or_ci_hi": 4.9302130980557718e+231,
        "sig": ""
      },
      "mentioned_age": {
        "estimate": 1.558129,