{
  "config_key": "gemini_gemini-3-flash-preview_high",
  "label": "Gemini gemini-3-flash-preview (high)",
  "model1": {
    "type": "fixed_effects_logit",
    "coefficients": {
      "intercept": {
        "estimate": -22.480441,
        "se": 1205.056703,
        "z": -0.0187,
        "p": 0.98511626,
        "or": 1.72531589e-10,
        "or_ci_lo": 0,
        "or_ci_hi": "Inf",
        "sig": ""
      },
      "infection_pct": {
        "estimate": 1.094854,
        "se": 0.060738,
        "z": 18.026,
        "p": 1.21894289e-72,
        "or": 2.9887469,
        "or_ci_lo": 2.65331125,
        "or_ci_hi": 3.36658884,
        "sig": "***"
      },
      "infection_pct_sq": {
        "estimate": -0.096895,
        "se": 0.009055,
        "z": -10.7009,
        "p": 1.00798078e-26,
        "or": 0.9076515,
        "or_ci_lo": 0.89168509,
        "or_ci_hi": 0.92390381,
        "sig": "***"
      }
    },
    "fit": {
      "aic": 6883.48,
      "bic": 7689.63,
      "n": 20000,
      "deviance": 6679.48,
      "null_deviance": 23169.59,
      "pseudo_r2": 0.7117
    }
  },
  "model2": {
    "type": "random_effects_logit",
    "coefficients": {
      "intercept": {
        "estimate": -6.031709,
        "se": 1.020527,
        "z": -5.9104,
        "p": 3.41310973e-09,
        "or": 0.00240139,
        "or_ci_lo": 0.00032492,
        "or_ci_hi": 0.01774813,
        "sig": "***"
      },
      "infection_pct": {
        "estimate": 1.090511,
        "se": 0.060455,
        "z": 18.0385,
        "p": 9.72288143e-73,
        "or": 2.97579571,
        "or_ci_lo": 2.64327853,
        "or_ci_hi": 3.35014264,
        "sig": "***"
      },
      "infection_pct_sq": {
        "estimate": -0.096757,
        "se": 0.008999,
        "z": -10.7521,
        "p": 5.79477152e-27,
        "or": 0.90777694,
        "or_ci_lo": 0.89190612,
        "or_ci_hi": 0.92393017,
        "sig": "***"
      },
      "male": {
        "estimate": -0.614092,
        "se": 0.440908,
        "z": -1.3928,
        "p": 0.16368353,
        "or": 0.54113196,
        "or_ci_lo": 0.22803137,
        "or_ci_hi": 1.28413821,
        "sig": ""
      },
      "extraverted": {
        "estimate": -5.756313,
        "se": 0.482272,
        "z": -11.9358,
        "p": 7.69976277e-33,
        "or": 0.00316275,
        "or_ci_lo": 0.00122899,
        "or_ci_hi": 0.00813923,
        "sig": "***"
      },
      "agreeable": {
        "estimate": 3.363354,
        "se": 0.453595,
        "z": 7.4149,
        "p": 1.2173226e-13,
        "or": 28.88590188,
        "or_ci_lo": 11.87348189,
        "or_ci_hi": 70.27385354,
        "sig": "***"
      },
      "conscientious": {
        "estimate": 4.958607,
        "se": 0.468192,
        "z": 10.591,
        "p": 3.28139744e-26,
        "or": 142.39529076,
        "or_ci_lo": 56.88044059,
        "or_ci_hi": 356.47436308,
        "sig": "***"
      },
      "emot_stable": {
        "estimate": -6.509142,
        "se": 0.509136,
        "z": -12.7847,
        "p": 1.99699657e-37,
        "or": 0.00148976,
        "or_ci_lo": 0.0005492,
        "or_ci_hi": 0.00404111,
        "sig": "***"
      },
      "open_to_exp": {
        "estimate": 3.788942,
        "se": 0.462075,
        "z": 8.1998,
        "p": 2.40706658e-16,
        "or": 44.20959117,
        "or_ci_lo": 17.87270384,
        "or_ci_hi": 109.35603074,
        "sig": "***"
      },
      "age": {
        "estimate": 0.023918,
        "se": 0.016868,
        "z": 1.4179,
        "p": 0.15621175,
        "or": 1.02420646,
        "or_ci_lo": 0.99089781,
        "or_ci_hi": 1.05863477,
        "sig": ""
      }
    },
    "fit": {
      "aic": 6971.79,
      "bic": 7058.73,
      "n": 20000,
      "n_groups": 100,
      "re_variance": 2.505722
    },
    "warning": {}
  }
}
