{
  "config_key": "openai_gpt-4o_off",
  "label": "Openai gpt-4o",
  "model1": {
    "type": "fixed_effects_logit",
    "coefficients": {
      "intercept": {
        "estimate": -26.777376,
        "se": 1717.260851,
        "z": -0.0156,
        "p": 0.98755903,
        "or": 2.34819142e-12,
        "or_ci_lo": 0,
        "or_ci_hi": "Inf",
        "sig": ""
      },
      "infection_pct": {
        "estimate": 1.623598,
        "se": 0.13231,
        "z": 12.2711,
        "p": 1.29434481e-34,
        "or": 5.07130312,
        "or_ci_lo": 3.91286355,
        "or_ci_hi": 6.57270948,
        "sig": "***"
      },
      "infection_pct_sq": {
        "estimate": -0.054706,
        "se": 0.016185,
        "z": -3.38,
        "p": 0.00072476,
        "or": 0.94676353,
        "or_ci_lo": 0.91720111,
        "or_ci_hi": 0.97727878,
        "sig": "***"
      }
    },
    "fit": {
      "aic": 2852.4,
      "bic": 3658.56,
      "n": 20000,
      "deviance": 2648.4
    }
  },
  "model2": {
    "type": "random_effects_logit",
    "coefficients": {
      "intercept": {
        "estimate": -9.154447,
        "se": 1.525449,
        "z": -6.0012,
        "p": 1.95924458e-09,
        "or": 0.00010575,
        "or_ci_lo": 5.31846188e-06,
        "or_ci_hi": 0.00210263,
        "sig": "***"
      },
      "infection_pct": {
        "estimate": 1.639997,
        "se": 0.132022,
        "z": 12.4221,
        "p": 1.98271246e-35,
        "or": 5.15515259,
        "or_ci_lo": 3.9798047,
        "or_ci_hi": 6.67761364,
        "sig": "***"
      },
      "infection_pct_sq": {
        "estimate": -0.058761,
        "se": 0.016027,
        "z": -3.6664,
        "p": 0.00024596,
        "or": 0.94293168,
        "or_ci_lo": 0.91377203,
        "or_ci_hi": 0.97302185,
        "sig": "***"
      },
      "male": {
        "estimate": 0.528749,
        "se": 0.693988,
        "z": 0.7619,
        "p": 0.44612045,
        "or": 1.69680786,
        "or_ci_lo": 0.43540955,
        "or_ci_hi": 6.61252583,
        "sig": ""
      },
      "extraverted": {
        "estimate": -4.4394,
        "se": 0.734607,
        "z": -6.0432,
        "p": 1.51053955e-09,
        "or": 0.01180302,
        "or_ci_lo": 0.00279694,
        "or_ci_hi": 0.04980842,
        "sig": "***"
      },
      "agreeable": {
        "estimate": 1.796951,
        "se": 0.702265,
        "z": 2.5588,
        "p": 0.01050361,
        "or": 6.03122897,
        "or_ci_lo": 1.52274042,
        "or_ci_hi": 23.88832809,
        "sig": "*"
      },
      "conscientious": {
        "estimate": 2.261264,
        "se": 0.695779,
        "z": 3.25,
        "p": 0.00115416,
        "or": 9.59521428,
        "or_ci_lo": 2.45355202,
        "or_ci_hi": 37.52442844,
        "sig": "**"
      },
      "emot_stable": {
        "estimate": -1.316418,
        "se": 0.693458,
        "z": -1.8983,
        "p": 0.0576514,
        "or": 0.26809385,
        "or_ci_lo": 0.06886581,
        "or_ci_hi": 1.04368645,
        "sig": "."
      },
      "open_to_exp": {
        "estimate": 0.294826,
        "se": 0.701421,
        "z": 0.4203,
        "p": 0.6742471,
        "or": 1.34289246,
        "or_ci_lo": 0.33960912,
        "or_ci_hi": 5.31010518,
        "sig": ""
      },
      "age": {
        "estimate": -0.036185,
        "se": 0.025636,
        "z": -1.4115,
        "p": 0.15810642,
        "or": 0.96446201,
        "or_ci_lo": 0.91719793,
        "or_ci_hi": 1.01416165,
        "sig": ""
      }
    },
    "fit": {
      "aic": 2929.57,
      "bic": 3016.51,
      "n": 20000,
      "n_groups": 100,
      "re_variance": 6.314089
    },
    "warning": {}
  }
}
