{
  "config_key": "openai_o3_required",
  "label": "Openai o3 (required)",
  "model1": {
    "type": "fixed_effects_logit",
    "coefficients": {
      "intercept": {
        "estimate": -3.749971,
        "se": 0.181142,
        "z": -20.7018,
        "p": 3.33612007e-95,
        "or": 0.02351843,
        "or_ci_lo": 0.01648986,
        "or_ci_hi": 0.03354282,
        "sig": "***"
      },
      "infection_pct": {
        "estimate": 2.120813,
        "se": 0.043388,
        "z": 48.8796,
        "p": 0,
        "or": 8.33791587,
        "or_ci_lo": 7.65816078,
        "or_ci_hi": 9.0780075,
        "sig": "***"
      },
      "infection_pct_sq": {
        "estimate": -0.226592,
        "se": 0.006435,
        "z": -35.2132,
        "p": 1.25465074e-271,
        "or": 0.79724599,
        "or_ci_lo": 0.78725401,
        "or_ci_hi": 0.80736478,
        "sig": "***"
      }
    },
    "fit": {
      "aic": 15159.81,
      "bic": 15965.97,
      "n": 20000,
      "deviance": 14955.81,
      "null_deviance": 27290.95,
      "pseudo_r2": 0.452
    }
  },
  "model2": {
    "type": "random_effects_logit",
    "coefficients": {
      "intercept": {
        "estimate": -2.207776,
        "se": 0.456832,
        "z": -4.8328,
        "p": 1.34626487e-06,
        "or": 0.10994488,
        "or_ci_lo": 0.04490679,
        "or_ci_hi": 0.26917705,
        "sig": "***"
      },
      "infection_pct": {
        "estimate": 2.114458,
        "se": 0.043127,
        "z": 49.0292,
        "p": 0,
        "or": 8.28509737,
        "or_ci_lo": 7.61355628,
        "or_ci_hi": 9.01587062,
        "sig": "***"
      },
      "infection_pct_sq": {
        "estimate": -0.226037,
        "se": 0.006395,
        "z": -35.3433,
        "p": 1.27157344e-273,
        "or": 0.79768829,
        "or_ci_lo": 0.78775156,
        "or_ci_hi": 0.80775036,
        "sig": "***"
      },
      "male": {
        "estimate": 0.205212,
        "se": 0.203421,
        "z": 1.0088,
        "p": 0.31306819,
        "or": 1.22778513,
        "or_ci_lo": 0.82407578,
        "or_ci_hi": 1.82926905,
        "sig": ""
      },
      "extraverted": {
        "estimate": -3.091521,
        "se": 0.208998,
        "z": -14.7921,
        "p": 1.64725854e-49,
        "or": 0.04543279,
        "or_ci_lo": 0.03016245,
        "or_ci_hi": 0.06843404,
        "sig": "***"
      },
      "agreeable": {
        "estimate": 0.728905,
        "se": 0.201592,
        "z": 3.6157,
        "p": 0.00029949,
        "or": 2.07280992,
        "or_ci_lo": 1.39624173,
        "or_ci_hi": 3.07721857,
        "sig": "***"
      },
      "conscientious": {
        "estimate": 0.492821,
        "se": 0.206901,
        "z": 2.3819,
        "p": 0.01722273,
        "or": 1.63692683,
        "or_ci_lo": 1.09121872,
        "or_ci_hi": 2.45553838,
        "sig": "*"
      },
      "emot_stable": {
        "estimate": -2.056303,
        "se": 0.20939,
        "z": -9.8204,
        "p": 9.19439284e-23,
        "or": 0.12792598,
        "or_ci_lo": 0.08486375,
        "or_ci_hi": 0.19283919,
        "sig": "***"
      },
      "open_to_exp": {
        "estimate": 1.664682,
        "se": 0.206593,
        "z": 8.0578,
        "p": 7.7688117e-16,
        "or": 5.2839901,
        "or_ci_lo": 3.52457351,
        "or_ci_hi": 7.92168223,
        "sig": "***"
      },
      "age": {
        "estimate": 0.02399,
        "se": 0.007452,
        "z": 3.2193,
        "p": 0.00128483,
        "or": 1.02427957,
        "or_ci_lo": 1.00942841,
        "or_ci_hi": 1.03934923,
        "sig": "**"
      }
    },
    "fit": {
      "aic": 15385.72,
      "bic": 15472.66,
      "n": 20000,
      "n_groups": 100,
      "re_variance": 0.917242
    },
    "warning": {}
  }
}
