{
  "config_key": "openai_gpt-5_2_off",
  "label": "Openai gpt-5.2",
  "model1": {
    "type": "fixed_effects_logit",
    "coefficients": {
      "intercept": {
        "estimate": -0.938562,
        "se": 0.68785,
        "z": -1.3645,
        "p": 0.17241435,
        "or": 0.39118995,
        "or_ci_lo": 0.10159637,
        "or_ci_hi": 1.50625053,
        "sig": ""
      },
      "infection_pct": {
        "estimate": 21.387206,
        "se": 0.937432,
        "z": 22.8147,
        "p": 3.27902868e-115,
        "or": 1942430125.5369854,
        "or_ci_lo": 309305115.85298687,
        "or_ci_hi": 12198423495.804567,
        "sig": "***"
      },
      "infection_pct_sq": {
        "estimate": -2.849602,
        "se": 0.133048,
        "z": -21.4179,
        "p": 9.10707072e-102,
        "or": 0.05786736,
        "or_ci_lo": 0.0445842,
        "or_ci_hi": 0.07510802,
        "sig": "***"
      }
    },
    "fit": {
      "aic": 1606.04,
      "bic": 2412.2,
      "n": 20000,
      "deviance": 1402.04
    }
  },
  "model2": {
    "type": "random_effects_logit",
    "coefficients": {
      "intercept": {
        "estimate": -2.365755,
        "se": 0.386637,
        "z": -6.1188,
        "p": 9.42772058e-10,
        "or": 0.0938784,
        "or_ci_lo": 0.04400014,
        "or_ci_hi": 0.20029832,
        "sig": "***"
      },
      "infection_pct": {
        "estimate": 19.070161,
        "se": 0.809298,
        "z": 23.5638,
        "p": 9.05729158e-123,
        "or": 191454602.90227139,
        "or_ci_lo": 39190200.84036177,
        "or_ci_hi": 935306892.7045604,
        "sig": "***"
      },
      "infection_pct_sq": {
        "estimate": -2.548237,
        "se": 0.118352,
        "z": -21.5311,
        "p": 7.96534976e-103,
        "or": 0.07821947,
        "or_ci_lo": 0.06202575,
        "or_ci_hi": 0.09864106,
        "sig": "***"
      },
      "male": {
        "estimate": 0.29503,
        "se": 0.168641,
        "z": 1.7495,
        "p": 0.08021257,
        "or": 1.34316649,
        "or_ci_lo": 0.96511626,
        "or_ci_hi": 1.86930456,
        "sig": "."
      },
      "extraverted": {
        "estimate": -0.04148,
        "se": 0.171306,
        "z": -0.2421,
        "p": 0.80867276,
        "or": 0.95936868,
        "or_ci_lo": 0.68575155,
        "or_ci_hi": 1.34215995,
        "sig": ""
      },
      "agreeable": {
        "estimate": 0.517153,
        "se": 0.16736,
        "z": 3.0901,
        "p": 0.00200112,
        "or": 1.67724509,
        "or_ci_lo": 1.20819499,
        "or_ci_hi": 2.32839161,
        "sig": "**"
      },
      "conscientious": {
        "estimate": 0.569097,
        "se": 0.171602,
        "z": 3.3164,
        "p": 0.00091194,
        "or": 1.76667028,
        "or_ci_lo": 1.26207391,
        "or_ci_hi": 2.47301197,
        "sig": "***"
      },
      "emot_stable": {
        "estimate": -0.439827,
        "se": 0.17233,
        "z": -2.5522,
        "p": 0.01070336,
        "or": 0.64414763,
        "or_ci_lo": 0.4595101,
        "or_ci_hi": 0.90297509,
        "sig": "*"
      },
      "open_to_exp": {
        "estimate": 0.583854,
        "se": 0.170835,
        "z": 3.4176,
        "p": 0.00063166,
        "or": 1.79293545,
        "or_ci_lo": 1.28276394,
        "or_ci_hi": 2.50600864,
        "sig": "***"
      },
      "age": {
        "estimate": 0.010017,
        "se": 0.006148,
        "z": 1.6294,
        "p": 0.10322743,
        "or": 1.01006744,
        "or_ci_lo": 0.99796966,
        "or_ci_hi": 1.02231187,
        "sig": ""
      }
    },
    "fit": {
      "aic": 1571.44,
      "bic": 1658.38,
      "n": 20000,
      "n_groups": 100,
      "re_variance": 0.253141
    },
    "warning": {}
  }
}
