{
  "config_key": "openai_gpt-5_2_medium",
  "label": "Openai gpt-5.2 (medium)",
  "model1": {
    "type": "fixed_effects_logit",
    "coefficients": {
      "intercept": {
        "estimate": 0.279953,
        "se": 0.319336,
        "z": 0.8767,
        "p": 0.38066579,
        "or": 1.32306731,
        "or_ci_lo": 0.7075502,
        "or_ci_hi": 2.47403946,
        "sig": ""
      },
      "infection_pct": {
        "estimate": 2.74254,
        "se": 0.07398,
        "z": 37.0713,
        "p": 8.1593077e-301,
        "or": 15.52637619,
        "or_ci_lo": 13.43064541,
        "or_ci_hi": 17.94912682,
        "sig": "***"
      },
      "infection_pct_sq": {
        "estimate": -0.321469,
        "se": 0.011224,
        "z": -28.6414,
        "p": 2.0533874e-180,
        "or": 0.72508319,
        "or_ci_lo": 0.70930632,
        "or_ci_hi": 0.74121098,
        "sig": "***"
      }
    },
    "fit": {
      "aic": 6850.64,
      "bic": 7656.79,
      "n": 20000,
      "deviance": 6646.64,
      "null_deviance": 12106.14,
      "pseudo_r2": 0.451
    }
  },
  "model2": {
    "type": "random_effects_logit",
    "coefficients": {
      "intercept": {
        "estimate": -0.680397,
        "se": 0.416569,
        "z": -1.6333,
        "p": 0.10239826,
        "or": 0.50641583,
        "or_ci_lo": 0.22382917,
        "or_ci_hi": 1.14577112,
        "sig": ""
      },
      "infection_pct": {
        "estimate": 2.677811,
        "se": 0.071718,
        "z": 37.3379,
        "p": 3.98063996e-305,
        "or": 14.55319621,
        "or_ci_lo": 12.64475984,
        "or_ci_hi": 16.74966726,
        "sig": "***"
      },
      "infection_pct_sq": {
        "estimate": -0.314038,
        "se": 0.010967,
        "z": -28.6349,
        "p": 2.46913748e-180,
        "or": 0.73049095,
        "or_ci_lo": 0.71495642,
        "or_ci_hi": 0.74636302,
        "sig": "***"
      },
      "male": {
        "estimate": 0.293446,
        "se": 0.185752,
        "z": 1.5798,
        "p": 0.11416026,
        "or": 1.34104014,
        "or_ci_lo": 0.93180733,
        "or_ci_hi": 1.93000057,
        "sig": ""
      },
      "extraverted": {
        "estimate": -0.664739,
        "se": 0.190691,
        "z": -3.4859,
        "p": 0.0004904,
        "or": 0.51440769,
        "or_ci_lo": 0.35398739,
        "or_ci_hi": 0.74752739,
        "sig": "***"
      },
      "agreeable": {
        "estimate": 1.119623,
        "se": 0.184328,
        "z": 6.0741,
        "p": 1.2470737e-09,
        "or": 3.06369787,
        "or_ci_lo": 2.13472826,
        "or_ci_hi": 4.39692714,
        "sig": "***"
      },
      "conscientious": {
        "estimate": 1.414537,
        "se": 0.189779,
        "z": 7.4536,
        "p": 9.08190129e-14,
        "or": 4.11458022,
        "or_ci_lo": 2.836499,
        "or_ci_hi": 5.96854446,
        "sig": "***"
      },
      "emot_stable": {
        "estimate": -1.568961,
        "se": 0.192885,
        "z": -8.1342,
        "p": 4.14776407e-16,
        "or": 0.20826144,
        "or_ci_lo": 0.14269923,
        "or_ci_hi": 0.30394578,
        "sig": "***"
      },
      "open_to_exp": {
        "estimate": 0.867511,
        "se": 0.187993,
        "z": 4.6146,
        "p": 3.93851092e-06,
        "or": 2.38097707,
        "or_ci_lo": 1.64714816,
        "or_ci_hi": 3.44173763,
        "sig": "***"
      },
      "age": {
        "estimate": 0.013613,
        "se": 0.006788,
        "z": 2.0053,
        "p": 0.04493331,
        "or": 1.0137058,
        "or_ci_lo": 1.00030742,
        "or_ci_hi": 1.02728365,
        "sig": "*"
      }
    },
    "fit": {
      "aic": 6950.15,
      "bic": 7037.09,
      "n": 20000,
      "n_groups": 100,
      "re_variance": 0.667426
    },
    "warning": {}
  },
  "model3": {
    "type": "mention_interaction_logit",
    "formula": "stay_home ~ infection_pct + I(infection_pct^2) + male + extraverted + agreeable + conscientious + emot_stable + open_to_exp + age_years + mentioned_ext + mentioned_agr + mentioned_con + mentioned_neu + mentioned_ope + mentioned_infection + mentioned_age + conscientious:mentioned_con + emot_stable:mentioned_neu + (1 | agent_id)",
    "coefficients": {
      "intercept": {
        "estimate": -22.002269,
        "se": 1262.519053,
        "z": -0.0174,
        "p": 0.98609575,
        "or": 2.78314484e-10,
        "or_ci_lo": 0,
        "or_ci_hi": "Inf",
        "sig": ""
      },
      "infection_pct": {
        "estimate": 3.053313,
        "se": 0.086179,
        "z": 35.4297,
        "p": 5.94990264e-275,
        "or": 21.18541029,
        "or_ci_lo": 17.89285018,
        "or_ci_hi": 25.0838522,
        "sig": "***"
      },
      "infection_pct_sq": {
        "estimate": -0.362982,
        "se": 0.012914,
        "z": -28.1079,
        "p": 7.85029339e-174,
        "or": 0.69559924,
        "or_ci_lo": 0.67821374,
        "or_ci_hi": 0.7134304,
        "sig": "***"
      },
      "male": {
        "estimate": 0.404008,
        "se": 0.191803,
        "z": 2.1064,
        "p": 0.03517263,
        "or": 1.49781565,
        "or_ci_lo": 1.02847112,
        "or_ci_hi": 2.18134635,
        "sig": "*"
      },
      "extraverted": {
        "estimate": -0.707935,
        "se": 0.197476,
        "z": -3.5849,
        "p": 0.00033718,
        "or": 0.49266045,
        "or_ci_lo": 0.33454377,
        "or_ci_hi": 0.72550841,
        "sig": "***"
      },
      "agreeable": {
        "estimate": 0.920031,
        "se": 0.190199,
        "z": 4.8372,
        "p": 1.31679719e-06,
        "or": 2.50936888,
        "or_ci_lo": 1.72847775,
        "or_ci_hi": 3.64305078,
        "sig": "***"
      },
      "conscientious": {
        "estimate": 1.179003,
        "se": 0.201173,
        "z": 5.8606,
        "p": 4.61085008e-09,
        "or": 3.25112984,
        "or_ci_lo": 2.19175704,
        "or_ci_hi": 4.82254422,
        "sig": "***"
      },
      "emot_stable": {
        "estimate": -1.373811,
        "se": 0.199486,
        "z": -6.8867,
        "p": 5.70835356e-12,
        "or": 0.2531404,
        "or_ci_lo": 0.17122033,
        "or_ci_hi": 0.37425499,
        "sig": "***"
      },
      "open_to_exp": {
        "estimate": 0.831806,
        "se": 0.194163,
        "z": 4.2841,
        "p": 0.00001835,
        "or": 2.29746382,
        "or_ci_lo": 1.57026694,
        "or_ci_hi": 3.36142846,
        "sig": "***"
      },
      "mentioned_ext": {
        "estimate": -0.861471,
        "se": 0.229256,
        "z": -3.7577,
        "p": 0.00017149,
        "or": 0.4225402,
        "or_ci_lo": 0.26960103,
        "or_ci_hi": 0.66223863,
        "sig": "***"
      },
      "mentioned_agr": {
        "estimate": -1.947534,
        "se": 0.492167,
        "z": -3.9571,
        "p": 0.00007588,
        "or": 0.14262529,
        "or_ci_lo": 0.05435706,
        "or_ci_hi": 0.37422875,
        "sig": "***"
      },
      "mentioned_con": {
        "estimate": -5.684775,
        "se": 0.567227,
        "z": -10.022,
        "p": 1.21954088e-23,
        "or": 0.0033973,
        "or_ci_lo": 0.00111764,
        "or_ci_hi": 0.01032683,
        "sig": "***"
      },
      "mentioned_neu": {
        "estimate": 6.143025,
        "se": 0.913306,
        "z": 6.7261,
        "p": 1.74223452e-11,
        "or": 465.45935705,
        "or_ci_lo": 77.706949,
        "or_ci_hi": 2788.06999689,
        "sig": "***"
      },
      "mentioned_ope": {
        "estimate": -4.117113,
        "se": 3.288251,
        "z": -1.2521,
        "p": 0.21054518,
        "or": 0.01629147,
        "or_ci_lo": 0.00002588,
        "or_ci_hi": 10.25596219,
        "sig": ""
      },
      "mentioned_infection": {
        "estimate": 21.684994,
        "se": 1262.518978,
        "z": 0.0172,
        "p": 0.98629623,
        "or": 2616214862.6099858,
        "or_ci_lo": 0,
        "or_ci_hi": "Inf",
        "sig": ""
      },
      "mentioned_age": {
        "estimate": 17.231371,
        "se": 579.131307,
        "z": 0.0298,
        "p": 0.97626339,