{
  "config_key": "openai_gpt-5_2_medium",
  "label": "Openai gpt-5.2 (medium)",
  "model1": {
    "type": "fixed_effects_logit",
    "coefficients": {
      "intercept": {
        "estimate": 0.279953,
        "se": 0.319336,
        "z": 0.8767,
        "p": 0.38066579,
        "or": 1.32306731,
        "or_ci_lo": 0.7075502,
        "or_ci_hi": 2.47403946,
        "sig": ""
      },
      "infection_pct": {
        "estimate": 2.74254,
        "se": 0.07398,
        "z": 37.0713,
        "p": 8.1593077e-301,
        "or": 15.52637619,
        "or_ci_lo": 13.43064541,
        "or_ci_hi": 17.94912682,
        "sig": "***"
      },
      "infection_pct_sq": {
        "estimate": -0.321469,
        "se": 0.011224,
        "z": -28.6414,
        "p": 2.0533874e-180,
        "or": 0.72508319,
        "or_ci_lo": 0.70930632,
        "or_ci_hi": 0.74121098,
        "sig": "***"
      }
    },
    "fit": {
      "aic": 6850.64,
      "bic": 7656.79,
      "n": 20000,
      "deviance": 6646.64
    }
  },
  "model2": {
    "type": "random_effects_logit",
    "coefficients": {
      "intercept": {
        "estimate": -0.680397,
        "se": 0.416569,
        "z": -1.6333,
        "p": 0.10239826,
        "or": 0.50641583,
        "or_ci_lo": 0.22382917,
        "or_ci_hi": 1.14577112,
        "sig": ""
      },
      "infection_pct": {
        "estimate": 2.677811,
        "se": 0.071718,
        "z": 37.3379,
        "p": 3.98063996e-305,
        "or": 14.55319621,
        "or_ci_lo": 12.64475984,
        "or_ci_hi": 16.74966726,
        "sig": "***"
      },
      "infection_pct_sq": {
        "estimate": -0.314038,
        "se": 0.010967,
        "z": -28.6349,
        "p": 2.46913748e-180,
        "or": 0.73049095,
        "or_ci_lo": 0.71495642,
        "or_ci_hi": 0.74636302,
        "sig": "***"
      },
      "male": {
        "estimate": 0.293446,
        "se": 0.185752,
        "z": 1.5798,
        "p": 0.11416026,
        "or": 1.34104014,
        "or_ci_lo": 0.93180733,
        "or_ci_hi": 1.93000057,
        "sig": ""
      },
      "extraverted": {
        "estimate": -0.664739,
        "se": 0.190691,
        "z": -3.4859,
        "p": 0.0004904,
        "or": 0.51440769,
        "or_ci_lo": 0.35398739,
        "or_ci_hi": 0.74752739,
        "sig": "***"
      },
      "agreeable": {
        "estimate": 1.119623,
        "se": 0.184328,
        "z": 6.0741,
        "p": 1.2470737e-09,
        "or": 3.06369787,
        "or_ci_lo": 2.13472826,
        "or_ci_hi": 4.39692714,
        "sig": "***"
      },
      "conscientious": {
        "estimate": 1.414537,
        "se": 0.189779,
        "z": 7.4536,
        "p": 9.08190129e-14,
        "or": 4.11458022,
        "or_ci_lo": 2.836499,
        "or_ci_hi": 5.96854446,
        "sig": "***"
      },
      "emot_stable": {
        "estimate": -1.568961,
        "se": 0.192885,
        "z": -8.1342,
        "p": 4.14776407e-16,
        "or": 0.20826144,
        "or_ci_lo": 0.14269923,
        "or_ci_hi": 0.30394578,
        "sig": "***"
      },
      "open_to_exp": {
        "estimate": 0.867511,
        "se": 0.187993,
        "z": 4.6146,
        "p": 3.93851092e-06,
        "or": 2.38097707,
        "or_ci_lo": 1.64714816,
        "or_ci_hi": 3.44173763,
        "sig": "***"
      },
      "age": {
        "estimate": 0.013613,
        "se": 0.006788,
        "z": 2.0053,
        "p": 0.04493331,
        "or": 1.0137058,
        "or_ci_lo": 1.00030742,
        "or_ci_hi": 1.02728365,
        "sig": "*"
      }
    },
    "fit": {
      "aic": 6950.15,
      "bic": 7037.09,
      "n": 20000,
      "n_groups": 100,
      "re_variance": 0.667426
    },
    "warning": {}
  }
}
