{
  "config_key": "openai_gpt-3_5-turbo_off",
  "label": "Openai gpt-3.5-turbo",
  "model1": {
    "type": "fixed_effects_logit",
    "coefficients": {
      "intercept": {
        "estimate": 0.899698,
        "se": 0.492737,
        "z": 1.8259,
        "p": 0.06786203,
        "or": 2.45886158,
        "or_ci_lo": 0.93606983,
        "or_ci_hi": 6.45892016,
        "sig": "."
      },
      "infection_pct": {
        "estimate": 4.388789,
        "se": 0.177471,
        "z": 24.7296,
        "p": 5.14011702e-135,
        "or": 80.54280428,
        "or_ci_lo": 56.88009309,
        "or_ci_hi": 114.0494498,
        "sig": "***"
      },
      "infection_pct_sq": {
        "estimate": -0.548019,
        "se": 0.025505,
        "z": -21.4864,
        "p": 2.08835035e-102,
        "or": 0.57809381,
        "or_ci_lo": 0.54990498,
        "or_ci_hi": 0.60772763,
        "sig": "***"
      }
    },
    "fit": {
      "aic": 2493.28,
      "bic": 3299.44,
      "n": 20000,
      "deviance": 2289.28,
      "null_deviance": 5080.38,
      "pseudo_r2": 0.5494
    }
  },
  "model2": {
    "type": "random_effects_logit",
    "coefficients": {
      "intercept": {
        "estimate": 2.353587,
        "se": 0.766492,
        "z": 3.0706,
        "p": 0.00213633,
        "or": 10.52324681,
        "or_ci_lo": 2.34260178,
        "or_ci_hi": 47.27168087,
        "sig": "**"
      },
      "infection_pct": {
        "estimate": 4.30114,
        "se": 0.173161,
        "z": 24.8389,
        "p": 3.40838697e-136,
        "or": 73.78386008,
        "or_ci_lo": 52.5488695,
        "or_ci_hi": 103.5999073,
        "sig": "***"
      },
      "infection_pct_sq": {
        "estimate": -0.536773,
        "se": 0.025066,
        "z": -21.4145,
        "p": 9.79384953e-102,
        "or": 0.58463172,
        "or_ci_lo": 0.55660339,
        "or_ci_hi": 0.61407144,
        "sig": "***"
      },
      "male": {
        "estimate": -0.324866,
        "se": 0.327895,
        "z": -0.9908,
        "p": 0.32180114,
        "or": 0.72262389,
        "or_ci_lo": 0.38001647,
        "or_ci_hi": 1.37411225,
        "sig": ""
      },
      "extraverted": {
        "estimate": -3.898961,
        "se": 0.445145,
        "z": -8.7589,
        "p": 1.9724312e-18,
        "or": 0.02026296,
        "or_ci_lo": 0.00846814,
        "or_ci_hi": 0.04848618,
        "sig": "***"
      },
      "agreeable": {
        "estimate": 1.436316,
        "se": 0.332552,
        "z": 4.3191,
        "p": 0.00001567,
        "or": 4.2051745,
        "or_ci_lo": 2.19134099,
        "or_ci_hi": 8.06971284,
        "sig": "***"
      },
      "conscientious": {
        "estimate": 0.769047,
        "se": 0.334928,
        "z": 2.2962,
        "p": 0.02166709,
        "or": 2.15770836,
        "or_ci_lo": 1.11917008,
        "or_ci_hi": 4.15996231,
        "sig": "*"
      },
      "emot_stable": {
        "estimate": 0.226296,
        "se": 0.326529,
        "z": 0.693,
        "p": 0.48828818,
        "or": 1.25394622,
        "or_ci_lo": 0.66119873,
        "or_ci_hi": 2.37807643,
        "sig": ""
      },
      "open_to_exp": {
        "estimate": -0.445521,
        "se": 0.334389,
        "z": -1.3323,
        "p": 0.18274808,
        "or": 0.64049066,
        "or_ci_lo": 0.33256369,
        "or_ci_hi": 1.23353301,
        "sig": ""
      },
      "age": {
        "estimate": 0.033417,
        "se": 0.011734,
        "z": 2.8479,
        "p": 0.0044015,
        "or": 1.03398127,
        "or_ci_lo": 1.01047253,
        "or_ci_hi": 1.05803695,
        "sig": "**"
      }
    },
    "fit": {
      "aic": 2508.2,
      "bic": 2595.14,
      "n": 20000,
      "n_groups": 100,
      "re_variance": 1.353882
    },
    "warning": {}
  }
}
