{
  "config_key": "openai_gpt-5_1_off",
  "label": "Openai gpt-5.1",
  "model1": {
    "type": "fixed_effects_logit",
    "coefficients": {
      "intercept": {
        "estimate": -2.33079,
        "se": 0.192886,
        "z": -12.0838,
        "p": 1.28633953e-33,
        "or": 0.09721889,
        "or_ci_lo": 0.06661364,
        "or_ci_hi": 0.14188554,
        "sig": "***"
      },
      "infection_pct": {
        "estimate": 1.979556,
        "se": 0.047176,
        "z": 41.9608,
        "p": 0,
        "or": 7.23952576,
        "or_ci_lo": 6.60013519,
        "or_ci_hi": 7.94085752,
        "sig": "***"
      },
      "infection_pct_sq": {
        "estimate": -0.150357,
        "se": 0.008115,
        "z": -18.5283,
        "p": 1.22100384e-76,
        "or": 0.86040044,
        "or_ci_lo": 0.84682366,
        "or_ci_hi": 0.87419489,
        "sig": "***"
      }
    },
    "fit": {
      "aic": 14105.46,
      "bic": 14911.62,
      "n": 20000,
      "deviance": 13901.46,
      "null_deviance": 27083.77,
      "pseudo_r2": 0.4867
    }
  },
  "model2": {
    "type": "random_effects_logit",
    "coefficients": {
      "intercept": {
        "estimate": -1.849574,
        "se": 0.722256,
        "z": -2.5608,
        "p": 0.01044227,
        "or": 0.15730412,
        "or_ci_lo": 0.03818945,
        "or_ci_hi": 0.64794308,
        "sig": "*"
      },
      "infection_pct": {
        "estimate": 1.979612,
        "se": 0.046606,
        "z": 42.4751,
        "p": 0,
        "or": 7.23993346,
        "or_ci_lo": 6.60788437,
        "or_ci_hi": 7.93243851,
        "sig": "***"
      },
      "infection_pct_sq": {
        "estimate": -0.152165,
        "se": 0.007933,
        "z": -19.1804,
        "p": 5.39199201e-82,
        "or": 0.85884616,
        "or_ci_lo": 0.84559491,
        "or_ci_hi": 0.87230506,
        "sig": "***"
      },
      "male": {
        "estimate": -0.510019,
        "se": 0.324745,
        "z": -1.5705,
        "p": 0.11629371,
        "or": 0.60048391,
        "or_ci_lo": 0.3177406,
        "or_ci_hi": 1.13482799,
        "sig": ""
      },
      "extraverted": {
        "estimate": -2.231242,
        "se": 0.331378,
        "z": -6.7332,
        "p": 1.65946869e-11,
        "or": 0.10739501,
        "or_ci_lo": 0.0560931,
        "or_ci_hi": 0.20561687,
        "sig": "***"
      },
      "agreeable": {
        "estimate": 0.582674,
        "se": 0.321684,
        "z": 1.8113,
        "p": 0.0700905,
        "or": 1.79082158,
        "or_ci_lo": 0.9532994,
        "or_ci_hi": 3.36414973,
        "sig": "."
      },
      "conscientious": {
        "estimate": 0.612066,
        "se": 0.32944,
        "z": 1.8579,
        "p": 0.06318364,
        "or": 1.84423789,
        "or_ci_lo": 0.9669226,
        "or_ci_hi": 3.51756528,
        "sig": "."
      },
      "emot_stable": {
        "estimate": -1.527919,
        "se": 0.33223,
        "z": -4.599,
        "p": 4.24567431e-06,
        "or": 0.21698675,
        "or_ci_lo": 0.11314446,
        "or_ci_hi": 0.41613397,
        "sig": "***"
      },
      "open_to_exp": {
        "estimate": 2.798861,
        "se": 0.329413,
        "z": 8.4965,
        "p": 1.95366045e-17,
        "or": 16.4259194,
        "or_ci_lo": 8.61247371,
        "or_ci_hi": 31.32791309,
        "sig": "***"
      },
      "age": {
        "estimate": -0.010652,
        "se": 0.011885,
        "z": -0.8963,
        "p": 0.37010486,
        "or": 0.98940431,
        "or_ci_lo": 0.96662298,
        "or_ci_hi": 1.01272256,
        "sig": ""
      }
    },
    "fit": {
      "aic": 14415.9,
      "bic": 14502.84,
      "n": 20000,
      "n_groups": 100,
      "re_variance": 2.419888
    },
    "warning": {}
  },
  "model3": {
    "type": "mention_interaction_logit",
    "formula": "stay_home ~ infection_pct + I(infection_pct^2) + male + extraverted + agreeable + conscientious + emot_stable + open_to_exp + age_years + mentioned_ext + mentioned_agr + mentioned_con + mentioned_neu + mentioned_ope + mentioned_infection + mentioned_age + extraverted:mentioned_ext + agreeable:mentioned_agr + conscientious:mentioned_con + emot_stable:mentioned_neu + open_to_exp:mentioned_ope + (1 | agent_id)",
    "coefficients": {
      "intercept": {
        "estimate": -17.17843,
        "se": 349.951442,
        "z": -0.0491,
        "p": 0.96084914,
        "or": 3.46340037e-08,
        "or_ci_lo": 4.51670119e-306,
        "or_ci_hi": 2.6557307272087337e+290,
        "sig": ""
      },
      "infection_pct": {
        "estimate": 2.42244,
        "se": 0.060519,
        "z": 40.0278,
        "p": 0,
        "or": 11.27333667,
        "or_ci_lo": 10.01238935,
        "or_ci_hi": 12.69308606,
        "sig": "***"
      },
      "infection_pct_sq": {
        "estimate": -0.202546,
        "se": 0.010413,
        "z": -19.4506,
        "p": 2.88000803e-84,
        "or": 0.81664896,
        "or_ci_lo": 0.80014996,
        "or_ci_hi": 0.83348816,
        "sig": "***"
      },
      "male": {
        "estimate": -0.554383,
        "se": 0.309329,
        "z": -1.7922,
        "p": 0.07309942,
        "or": 0.57442683,
        "or_ci_lo": 0.31327697,
        "or_ci_hi": 1.05327304,
        "sig": "."
      },
      "extraverted": {
        "estimate": -1.275387,
        "se": 0.317268,
        "z": -4.0199,
        "p": 0.00005822,
        "or": 0.27932295,
        "or_ci_lo": 0.1499832,
        "or_ci_hi": 0.52020032,
        "sig": "***"
      },
      "agreeable": {
        "estimate": 0.217424,
        "se": 0.30682,
        "z": 0.7086,
        "p": 0.47854904,
        "or": 1.24287107,
        "or_ci_lo": 0.6811707,
        "or_ci_hi": 2.26775535,
        "sig": ""
      },
      "conscientious": {
        "estimate": 0.176349,
        "se": 0.320409,
        "z": 0.5504,
        "p": 0.58205237,
        "or": 1.19285489,
        "or_ci_lo": 0.63657601,
        "or_ci_hi": 2.23524411,
        "sig": ""
      },
      "emot_stable": {
        "estimate": -0.766476,
        "se": 0.317016,
        "z": -2.4178,
        "p": 0.01561518,
        "or": 0.46464751,
        "or_ci_lo": 0.24961724,
        "or_ci_hi": 0.86491348,
        "sig": "*"
      },
      "open_to_exp": {
        "estimate": 2.142295,
        "se": 0.314573,
        "z": 6.8102,
        "p": 9.7488798e-12,
        "or": 8.51896235,
        "or_ci_lo": 4.59850412,
        "or_ci_hi": 15.78181025,
        "sig": "***"
      },
      "mentioned_ext": {
        "estimate": 2.96177,
        "se": 0.179741,
        "z": 16.478,
        "p": 5.2784548e-61,
        "or": 19.33215862,
        "or_ci_lo": 13.59195828,
        "or_ci_hi": 27.49657915,
        "sig": "***"
      },
      "mentioned_agr": {
        "estimate": -1.067851,
        "se": 0.167585,
        "z": -6.372,
        "p": 1.8659581e-10,
        "or": 0.34374631,
        "or_ci_lo": 0.24750646,
        "or_ci_hi": 0.47740785,
        "sig": "***"
      },
      "mentioned_con": {
        "estimate": -3.856317,
        "se": 0.144386,
        "z": -26.7084,
        "p": 3.76023958e-157,
        "or": 0.02114574,
        "or_ci_lo": 0.01593379,
        "or_ci_hi": 0.02806252,
        "sig": "***"
      },
      "mentioned_neu": {
        "estimate": 2.354333,
        "se": 0.211711,
        "z": 11.1205,
        "p": 9.97292765e-29,
        "or": 10.53110332,
        "or_ci_lo": 6.95442944,
        "or_ci_hi": 15.94726613,
        "sig": "***"
      },
      "mentioned_ope": {
        "estimate": -2.251473,
        "se": 0.200172,
        "z": -11.2477,
        "p": 2.3779955e-29,
        "or": 0.10524404,
        "or_ci_lo": 0.07108979,
        "or_ci_hi": 0.15580729,
        "sig": "***"
      },
      "mentioned_infection": {
        "estimate": 16.243564,
        "se": 349.950784,
        "z": 0.0464,
        "p": 0.96297812,
        "or": 11336796.19570704,
        "or_ci_lo": 1.48036543e-291,
        "or_ci_hi": 8.6818393414277319e+304,
        "sig": ""
      },