{
  "config_key": "openai_gpt-5_2_low",
  "label": "Openai gpt-5.2 (low)",
  "model1": {
    "type": "fixed_effects_logit",
    "coefficients": {
      "intercept": {
        "estimate": 0.181441,
        "se": 0.336639,
        "z": 0.539,
        "p": 0.58990145,
        "or": 1.19894435,
        "or_ci_lo": 0.61979186,
        "or_ci_hi": 2.31927466,
        "sig": ""
      },
      "infection_pct": {
        "estimate": 3.190579,
        "se": 0.087621,
        "z": 36.4135,
        "p": 2.59976481e-290,
        "or": 24.30250288,
        "or_ci_lo": 20.46759241,
        "or_ci_hi": 28.85594135,
        "sig": "***"
      },
      "infection_pct_sq": {
        "estimate": -0.383603,
        "se": 0.013175,
        "z": -29.1166,
        "p": 2.21542527e-186,
        "or": 0.68140216,
        "or_ci_lo": 0.66403192,
        "or_ci_hi": 0.69922678,
        "sig": "***"
      }
    },
    "fit": {
      "aic": 5845.4,
      "bic": 6651.56,
      "n": 20000,
      "deviance": 5641.4,
      "null_deviance": 9816.54,
      "pseudo_r2": 0.4253
    }
  },
  "model2": {
    "type": "random_effects_logit",
    "coefficients": {
      "intercept": {
        "estimate": -0.581429,
        "se": 0.342326,
        "z": -1.6985,
        "p": 0.08941961,
        "or": 0.55909861,
        "or_ci_lo": 0.28582135,
        "or_ci_hi": 1.09365955,
        "sig": "."
      },
      "infection_pct": {
        "estimate": 3.112329,
        "se": 0.084791,
        "z": 36.7057,
        "p": 5.92159448e-295,
        "or": 22.4733322,
        "or_ci_lo": 19.03231221,
        "or_ci_hi": 26.53648462,
        "sig": "***"
      },
      "infection_pct_sq": {
        "estimate": -0.37434,
        "se": 0.012865,
        "z": -29.0979,
        "p": 3.81243802e-186,
        "or": 0.68774326,
        "or_ci_lo": 0.67061859,
        "or_ci_hi": 0.70530522,
        "sig": "***"
      },
      "male": {
        "estimate": 0.30632,
        "se": 0.152824,
        "z": 2.0044,
        "p": 0.04502774,
        "or": 1.35841685,
        "or_ci_lo": 1.00680772,
        "or_ci_hi": 1.832819,
        "sig": "*"
      },
      "extraverted": {
        "estimate": -0.49291,
        "se": 0.156866,
        "z": -3.1422,
        "p": 0.00167667,
        "or": 0.61084633,
        "or_ci_lo": 0.44916371,
        "or_ci_hi": 0.83072884,
        "sig": "**"
      },
      "agreeable": {
        "estimate": 0.901771,
        "se": 0.151439,
        "z": 5.9547,
        "p": 2.6056149e-09,
        "or": 2.46396352,
        "or_ci_lo": 1.83116297,
        "or_ci_hi": 3.31544289,
        "sig": "***"
      },
      "conscientious": {
        "estimate": 1.235577,
        "se": 0.156112,
        "z": 7.9147,
        "p": 2.47847317e-15,
        "or": 3.44036206,
        "or_ci_lo": 2.53349044,
        "or_ci_hi": 4.67185149,
        "sig": "***"
      },
      "emot_stable": {
        "estimate": -1.184048,
        "se": 0.158733,
        "z": -7.4594,
        "p": 8.69470622e-14,
        "or": 0.30603739,
        "or_ci_lo": 0.22421155,
        "or_ci_hi": 0.41772551,
        "sig": "***"
      },
      "open_to_exp": {
        "estimate": 0.526088,
        "se": 0.154287,
        "z": 3.4098,
        "p": 0.00065011,
        "or": 1.6922992,
        "or_ci_lo": 1.25067745,
        "or_ci_hi": 2.28986026,
        "sig": "***"
      },
      "age": {
        "estimate": 0.01239,
        "se": 0.005588,
        "z": 2.2171,
        "p": 0.0266172,
        "or": 1.01246714,
        "or_ci_lo": 1.00143774,
        "or_ci_hi": 1.023618,
        "sig": "*"
      }
    },
    "fit": {
      "aic": 5894.95,
      "bic": 5981.89,
      "n": 20000,
      "n_groups": 100,
      "re_variance": 0.396963
    },
    "warning": {}
  },
  "model3": {
    "type": "mention_interaction_logit",
    "formula": "stay_home ~ infection_pct + I(infection_pct^2) + male + extraverted + agreeable + conscientious + emot_stable + open_to_exp + age_years + mentioned_ext + mentioned_agr + mentioned_con + mentioned_neu + mentioned_ope + mentioned_infection + mentioned_age + conscientious:mentioned_con + emot_stable:mentioned_neu + (1 | agent_id)",
    "coefficients": {
      "intercept": {
        "estimate": -24.155185,
        "se": 1586.281353,
        "z": -0.0152,
        "p": 0.98785064,
        "or": 3.23248465e-11,
        "or_ci_lo": 0,
        "or_ci_hi": "Inf",
        "sig": ""
      },
      "infection_pct": {
        "estimate": 4.323829,
        "se": 0.136578,
        "z": 31.6583,
        "p": 5.82623089e-220,
        "or": 75.4770992,
        "or_ci_lo": 57.75075604,
        "or_ci_hi": 98.64446623,
        "sig": "***"
      },
      "infection_pct_sq": {
        "estimate": -0.532813,
        "se": 0.019946,
        "z": -26.7134,
        "p": 3.28639207e-157,
        "or": 0.58695157,
        "or_ci_lo": 0.56444849,
        "or_ci_hi": 0.6103518,
        "sig": "***"
      },
      "male": {
        "estimate": 0.347212,
        "se": 0.165072,
        "z": 2.1034,
        "p": 0.03543066,
        "or": 1.41511701,
        "or_ci_lo": 1.02395399,
        "or_ci_hi": 1.95570913,
        "sig": "*"
      },
      "extraverted": {
        "estimate": -0.347734,
        "se": 0.169668,
        "z": -2.0495,
        "p": 0.04041355,
        "or": 0.7062866,
        "or_ci_lo": 0.50647335,
        "or_ci_hi": 0.98492995,
        "sig": "*"
      },
      "agreeable": {
        "estimate": 0.583455,
        "se": 0.163541,
        "z": 3.5676,
        "p": 0.00036022,
        "or": 1.79222069,
        "or_ci_lo": 1.30071542,
        "or_ci_hi": 2.46945255,
        "sig": "***"
      },
      "conscientious": {
        "estimate": 0.732154,
        "se": 0.174103,
        "z": 4.2053,
        "p": 0.00002608,
        "or": 2.07955505,
        "or_ci_lo": 1.4783278,
        "or_ci_hi": 2.92529788,
        "sig": "***"
      },
      "emot_stable": {
        "estimate": -0.970035,
        "se": 0.171653,
        "z": -5.6511,
        "p": 1.59401056e-08,
        "or": 0.37906972,
        "or_ci_lo": 0.27077261,
        "or_ci_hi": 0.53068091,
        "sig": "***"
      },
      "open_to_exp": {
        "estimate": 0.595315,
        "se": 0.166728,
        "z": 3.5706,
        "p": 0.00035619,
        "or": 1.81360226,
        "or_ci_lo": 1.30803836,
        "or_ci_hi": 2.51456936,
        "sig": "***"
      },
      "mentioned_ext": {
        "estimate": -0.960929,
        "se": 0.253319,
        "z": -3.7934,
        "p": 0.00014862,
        "or": 0.38253745,
        "or_ci_lo": 0.23283318,
        "or_ci_hi": 0.62849677,
        "sig": "***"
      },
      "mentioned_agr": {
        "estimate": -1.224819,
        "se": 0.862024,
        "z": -1.4209,
        "p": 0.15535611,
        "or": 0.29381076,
        "or_ci_lo": 0.0542373,
        "or_ci_hi": 1.5916124,
        "sig": ""
      },
      "mentioned_con": {
        "estimate": -10.106388,
        "se": 1.103185,
        "z": -9.1611,
        "p": 5.13702062e-20,
        "or": 0.00004082,
        "or_ci_lo": 4.6967962e-06,
        "or_ci_hi": 0.00035473,
        "sig": "***"
      },
      "mentioned_neu": {
        "estimate": 6.779384,
        "se": 1.707807,
        "z": 3.9696,
        "p": 0.00007198,
        "or": 879.52693396,
        "or_ci_lo": 30.94099136,
        "or_ci_hi": 25001.38468481,
        "sig": "***"
      },
      "mentioned_ope": {
        "estimate": 2.364609,
        "se": 9.08813,
        "z": 0.2602,
        "p": 0.79471991,
        "or": 10.63987665,
        "or_ci_lo": 1.95417669e-07,
        "or_ci_hi": 579307775.71838665,
        "sig": ""
      },
      "mentioned_infection": {
        "estimate": 23.750545,
        "se": 1586.281304,
        "z": 0.015,
        "p": 0.98805415,
        "or": 20641001382.487976,
        "or_ci_lo": 0,
        "or_ci_hi": "Inf",
        "sig": ""
      },
      "mentioned_age": {
        "estimate": 17.422923,
        "se": 759.831471,
        "z": 0.0229,
        "p": 0.98170612,