{
  "config_key": "openai_o3_required",
  "label": "Openai o3 (required)",
  "model1": {
    "type": "fixed_effects_logit",
    "coefficients": {
      "intercept": {
        "estimate": -3.749971,
        "se": 0.181142,
        "z": -20.7018,
        "p": 3.33612007e-95,
        "or": 0.02351843,
        "or_ci_lo": 0.01648986,
        "or_ci_hi": 0.03354282,
        "sig": "***"
      },
      "infection_pct": {
        "estimate": 2.120813,
        "se": 0.043388,
        "z": 48.8796,
        "p": 0,
        "or": 8.33791587,
        "or_ci_lo": 7.65816078,
        "or_ci_hi": 9.0780075,
        "sig": "***"
      },
      "infection_pct_sq": {
        "estimate": -0.226592,
        "se": 0.006435,
        "z": -35.2132,
        "p": 1.25465074e-271,
        "or": 0.79724599,
        "or_ci_lo": 0.78725401,
        "or_ci_hi": 0.80736478,
        "sig": "***"
      }
    },
    "fit": {
      "aic": 15159.81,
      "bic": 15965.97,
      "n": 20000,
      "deviance": 14955.81,
      "null_deviance": 27290.95,
      "pseudo_r2": 0.452
    }
  },
  "model2": {
    "type": "random_effects_logit",
    "coefficients": {
      "intercept": {
        "estimate": -2.207776,
        "se": 0.456832,
        "z": -4.8328,
        "p": 1.34626487e-06,
        "or": 0.10994488,
        "or_ci_lo": 0.04490679,
        "or_ci_hi": 0.26917705,
        "sig": "***"
      },
      "infection_pct": {
        "estimate": 2.114458,
        "se": 0.043127,
        "z": 49.0292,
        "p": 0,
        "or": 8.28509737,
        "or_ci_lo": 7.61355628,
        "or_ci_hi": 9.01587062,
        "sig": "***"
      },
      "infection_pct_sq": {
        "estimate": -0.226037,
        "se": 0.006395,
        "z": -35.3433,
        "p": 1.27157344e-273,
        "or": 0.79768829,
        "or_ci_lo": 0.78775156,
        "or_ci_hi": 0.80775036,
        "sig": "***"
      },
      "male": {
        "estimate": 0.205212,
        "se": 0.203421,
        "z": 1.0088,
        "p": 0.31306819,
        "or": 1.22778513,
        "or_ci_lo": 0.82407578,
        "or_ci_hi": 1.82926905,
        "sig": ""
      },
      "extraverted": {
        "estimate": -3.091521,
        "se": 0.208998,
        "z": -14.7921,
        "p": 1.64725854e-49,
        "or": 0.04543279,
        "or_ci_lo": 0.03016245,
        "or_ci_hi": 0.06843404,
        "sig": "***"
      },
      "agreeable": {
        "estimate": 0.728905,
        "se": 0.201592,
        "z": 3.6157,
        "p": 0.00029949,
        "or": 2.07280992,
        "or_ci_lo": 1.39624173,
        "or_ci_hi": 3.07721857,
        "sig": "***"
      },
      "conscientious": {
        "estimate": 0.492821,
        "se": 0.206901,
        "z": 2.3819,
        "p": 0.01722273,
        "or": 1.63692683,
        "or_ci_lo": 1.09121872,
        "or_ci_hi": 2.45553838,
        "sig": "*"
      },
      "emot_stable": {
        "estimate": -2.056303,
        "se": 0.20939,
        "z": -9.8204,
        "p": 9.19439284e-23,
        "or": 0.12792598,
        "or_ci_lo": 0.08486375,
        "or_ci_hi": 0.19283919,
        "sig": "***"
      },
      "open_to_exp": {
        "estimate": 1.664682,
        "se": 0.206593,
        "z": 8.0578,
        "p": 7.7688117e-16,
        "or": 5.2839901,
        "or_ci_lo": 3.52457351,
        "or_ci_hi": 7.92168223,
        "sig": "***"
      },
      "age": {
        "estimate": 0.02399,
        "se": 0.007452,
        "z": 3.2193,
        "p": 0.00128483,
        "or": 1.02427957,
        "or_ci_lo": 1.00942841,
        "or_ci_hi": 1.03934923,
        "sig": "**"
      }
    },
    "fit": {
      "aic": 15385.72,
      "bic": 15472.66,
      "n": 20000,
      "n_groups": 100,
      "re_variance": 0.917242
    },
    "warning": {}
  },
  "model3": {
    "type": "mention_interaction_logit",
    "formula": "stay_home ~ infection_pct + I(infection_pct^2) + male + extraverted + agreeable + conscientious + emot_stable + open_to_exp + age_years + mentioned_ext + mentioned_agr + mentioned_con + mentioned_neu + mentioned_ope + mentioned_infection + mentioned_age + extraverted:mentioned_ext + agreeable:mentioned_agr + conscientious:mentioned_con + emot_stable:mentioned_neu + age_years:mentioned_age + (1 | agent_id)",
    "coefficients": {
      "intercept": {
        "estimate": -5.404831,
        "se": 0.47309,
        "z": -11.4245,
        "p": 3.15345423e-30,
        "or": 0.00449481,
        "or_ci_lo": 0.00177832,
        "or_ci_hi": 0.01136093,
        "sig": "***"
      },
      "infection_pct": {
        "estimate": 2.372737,
        "se": 0.058392,
        "z": 40.635,
        "p": 0,
        "or": 10.72671147,
        "or_ci_lo": 9.56671253,
        "or_ci_hi": 12.02736455,
        "sig": "***"
      },
      "infection_pct_sq": {
        "estimate": -0.251245,
        "se": 0.008473,
        "z": -29.6529,
        "p": 3.11268149e-193,
        "or": 0.77783215,
        "or_ci_lo": 0.76502152,
        "or_ci_hi": 0.7908573,
        "sig": "***"
      },
      "male": {
        "estimate": 0.608883,
        "se": 0.176038,
        "z": 3.4588,
        "p": 0.00054255,
        "or": 1.8383764,
        "or_ci_lo": 1.30193124,
        "or_ci_hi": 2.59585736,
        "sig": "***"
      },
      "extraverted": {
        "estimate": -1.004509,
        "se": 0.18559,
        "z": -5.4125,
        "p": 6.21407154e-08,
        "or": 0.36622442,
        "or_ci_lo": 0.25454834,
        "or_ci_hi": 0.52689531,
        "sig": "***"
      },
      "agreeable": {
        "estimate": 0.713116,
        "se": 0.175038,
        "z": 4.0741,
        "p": 0.0000462,
        "or": 2.04033858,
        "or_ci_lo": 1.4477946,
        "or_ci_hi": 2.87539512,
        "sig": "***"
      },
      "conscientious": {
        "estimate": 0.813358,
        "se": 0.192144,
        "z": 4.2331,
        "p": 0.00002305,
        "or": 2.25547012,
        "or_ci_lo": 1.54767952,
        "or_ci_hi": 3.28695017,
        "sig": "***"
      },
      "emot_stable": {
        "estimate": -1.475564,
        "se": 0.186035,
        "z": -7.9317,
        "p": 2.16247495e-15,
        "or": 0.22864969,
        "or_ci_lo": 0.15878685,
        "or_ci_hi": 0.3292507,
        "sig": "***"
      },
      "open_to_exp": {
        "estimate": 2.319774,
        "se": 0.180919,
        "z": 12.8222,
        "p": 1.23185405e-37,
        "or": 10.17337077,
        "or_ci_lo": 7.13614533,
        "or_ci_hi": 14.50327427,
        "sig": "***"
      },
      "mentioned_ext": {
        "estimate": 6.880848,
        "se": 0.280545,
        "z": 24.5267,
        "p": 7.67186468e-133,
        "or": 973.45128659,
        "or_ci_lo": 561.70611609,
        "or_ci_hi": 1687.01636003,
        "sig": "***"
      },
      "mentioned_agr": {
        "estimate": -1.634218,
        "se": 0.24449,
        "z": -6.6842,
        "p": 2.32211947e-11,
        "or": 0.19510484,
        "or_ci_lo": 0.12082415,
        "or_ci_hi": 0.31505207,
        "sig": "***"
      },
      "mentioned_con": {
        "estimate": -1.022274,
        "se": 0.114739,
        "z": -8.9096,
        "p": 5.12253295e-19,
        "or": 0.35977586,
        "or_ci_lo": 0.28731907,
        "or_ci_hi": 0.45050498,
        "sig": "***"
      },
      "mentioned_neu": {
        "estimate": 3.639464,
        "se": 0.122676,
        "z": 29.6674,
        "p": 2.02608286e-193,
        "or": 38.07142252,
        "or_ci_lo": 29.93473471,
        "or_ci_hi": 48.41977811,
        "sig": "***"
      },
      "mentioned_ope": {
        "estimate": -0.81019,
        "se": 0.274543,
        "z": -2.951,
        "p": 0.00316701,
        "or": 0.4447736,
        "or_ci_lo": 0.25968262,
        "or_ci_hi": 0.76178971,
        "sig": "**"
      },
      "mentioned_infection": {
        "estimate": 1.705356,
        "se": 0.247586,
        "z": 6.8879,
        "p": 5.6604572e-12,
        "or": 5.50334546,
        "or_ci_lo": 3.3874867,
        "or_ci_hi": 8.94079119,
        "sig": "***"
      },