{
  "config_key": "openai_gpt-5_2_low",
  "label": "Openai gpt-5.2 (low)",
  "model1": {
    "type": "fixed_effects_logit",
    "coefficients": {
      "intercept": {
        "estimate": 0.181441,
        "se": 0.336639,
        "z": 0.539,
        "p": 0.58990145,
        "or": 1.19894435,
        "or_ci_lo": 0.61979186,
        "or_ci_hi": 2.31927466,
        "sig": ""
      },
      "infection_pct": {
        "estimate": 3.190579,
        "se": 0.087621,
        "z": 36.4135,
        "p": 2.59976481e-290,
        "or": 24.30250288,
        "or_ci_lo": 20.46759241,
        "or_ci_hi": 28.85594135,
        "sig": "***"
      },
      "infection_pct_sq": {
        "estimate": -0.383603,
        "se": 0.013175,
        "z": -29.1166,
        "p": 2.21542527e-186,
        "or": 0.68140216,
        "or_ci_lo": 0.66403192,
        "or_ci_hi": 0.69922678,
        "sig": "***"
      }
    },
    "fit": {
      "aic": 5845.4,
      "bic": 6651.56,
      "n": 20000,
      "deviance": 5641.4,
      "null_deviance": 9816.54,
      "pseudo_r2": 0.4253
    }
  },
  "model2": {
    "type": "random_effects_logit",
    "coefficients": {
      "intercept": {
        "estimate": -0.581429,
        "se": 0.342326,
        "z": -1.6985,
        "p": 0.08941961,
        "or": 0.55909861,
        "or_ci_lo": 0.28582135,
        "or_ci_hi": 1.09365955,
        "sig": "."
      },
      "infection_pct": {
        "estimate": 3.112329,
        "se": 0.084791,
        "z": 36.7057,
        "p": 5.92159448e-295,
        "or": 22.4733322,
        "or_ci_lo": 19.03231221,
        "or_ci_hi": 26.53648462,
        "sig": "***"
      },
      "infection_pct_sq": {
        "estimate": -0.37434,
        "se": 0.012865,
        "z": -29.0979,
        "p": 3.81243802e-186,
        "or": 0.68774326,
        "or_ci_lo": 0.67061859,
        "or_ci_hi": 0.70530522,
        "sig": "***"
      },
      "male": {
        "estimate": 0.30632,
        "se": 0.152824,
        "z": 2.0044,
        "p": 0.04502774,
        "or": 1.35841685,
        "or_ci_lo": 1.00680772,
        "or_ci_hi": 1.832819,
        "sig": "*"
      },
      "extraverted": {
        "estimate": -0.49291,
        "se": 0.156866,
        "z": -3.1422,
        "p": 0.00167667,
        "or": 0.61084633,
        "or_ci_lo": 0.44916371,
        "or_ci_hi": 0.83072884,
        "sig": "**"
      },
      "agreeable": {
        "estimate": 0.901771,
        "se": 0.151439,
        "z": 5.9547,
        "p": 2.6056149e-09,
        "or": 2.46396352,
        "or_ci_lo": 1.83116297,
        "or_ci_hi": 3.31544289,
        "sig": "***"
      },
      "conscientious": {
        "estimate": 1.235577,
        "se": 0.156112,
        "z": 7.9147,
        "p": 2.47847317e-15,
        "or": 3.44036206,
        "or_ci_lo": 2.53349044,
        "or_ci_hi": 4.67185149,
        "sig": "***"
      },
      "emot_stable": {
        "estimate": -1.184048,
        "se": 0.158733,
        "z": -7.4594,
        "p": 8.69470622e-14,
        "or": 0.30603739,
        "or_ci_lo": 0.22421155,
        "or_ci_hi": 0.41772551,
        "sig": "***"
      },
      "open_to_exp": {
        "estimate": 0.526088,
        "se": 0.154287,
        "z": 3.4098,
        "p": 0.00065011,
        "or": 1.6922992,
        "or_ci_lo": 1.25067745,
        "or_ci_hi": 2.28986026,
        "sig": "***"
      },
      "age": {
        "estimate": 0.01239,
        "se": 0.005588,
        "z": 2.2171,
        "p": 0.0266172,
        "or": 1.01246714,
        "or_ci_lo": 1.00143774,
        "or_ci_hi": 1.023618,
        "sig": "*"
      }
    },
    "fit": {
      "aic": 5894.95,
      "bic": 5981.89,
      "n": 20000,
      "n_groups": 100,
      "re_variance": 0.396963
    },
    "warning": {}
  }
}
