{
  "config_key": "openai_gpt-5_2_high",
  "label": "Openai gpt-5.2 (high)",
  "model1": {
    "type": "fixed_effects_logit",
    "coefficients": {
      "intercept": {
        "estimate": 0.68945,
        "se": 0.333958,
        "z": 2.0645,
        "p": 0.03897216,
        "or": 1.99261978,
        "or_ci_lo": 1.03550807,
        "or_ci_hi": 3.83438206,
        "sig": "*"
      },
      "infection_pct": {
        "estimate": 2.372503,
        "se": 0.064697,
        "z": 36.6712,
        "p": 2.10106941e-294,
        "or": 10.72419991,
        "or_ci_lo": 9.44700286,
        "or_ci_hi": 12.17406891,
        "sig": "***"
      },
      "infection_pct_sq": {
        "estimate": -0.277665,
        "se": 0.009805,
        "z": -28.3193,
        "p": 2.00167619e-176,
        "or": 0.75755065,
        "or_ci_lo": 0.74313148,
        "or_ci_hi": 0.7722496,
        "sig": "***"
      }
    },
    "fit": {
      "aic": 7935.41,
      "bic": 8741.56,
      "n": 20000,
      "deviance": 7731.41,
      "null_deviance": 14294.12,
      "pseudo_r2": 0.4591
    }
  },
  "model2": {
    "type": "random_effects_logit",
    "coefficients": {
      "intercept": {
        "estimate": -0.647908,
        "se": 0.44545,
        "z": -1.4545,
        "p": 0.14580767,
        "or": 0.52313912,
        "or_ci_lo": 0.21849529,
        "or_ci_hi": 1.25254205,
        "sig": ""
      },
      "infection_pct": {
        "estimate": 2.321079,
        "se": 0.062995,
        "z": 36.8457,
        "p": 3.43012508e-297,
        "or": 10.18666035,
        "or_ci_lo": 9.00346602,
        "or_ci_hi": 11.52534468,
        "sig": "***"
      },
      "infection_pct_sq": {
        "estimate": -0.271772,
        "se": 0.009605,
        "z": -28.2936,
        "p": 4.14298809e-176,
        "or": 0.7620283,
        "or_ci_lo": 0.74781611,
        "or_ci_hi": 0.77651061,
        "sig": "***"
      },
      "male": {
        "estimate": 0.24671,
        "se": 0.198965,
        "z": 1.24,
        "p": 0.21498809,
        "or": 1.2798079,
        "or_ci_lo": 0.86652722,
        "or_ci_hi": 1.89019827,
        "sig": ""
      },
      "extraverted": {
        "estimate": -0.878075,
        "se": 0.204256,
        "z": -4.2989,
        "p": 0.00001717,
        "or": 0.41558221,
        "or_ci_lo": 0.2784778,
        "or_ci_hi": 0.62018796,
        "sig": "***"
      },
      "agreeable": {
        "estimate": 1.317943,
        "se": 0.197312,
        "z": 6.6795,
        "p": 2.39759452e-11,
        "or": 3.7357284,
        "or_ci_lo": 2.53758303,
        "or_ci_hi": 5.49959016,
        "sig": "***"
      },
      "conscientious": {
        "estimate": 1.459436,
        "se": 0.203078,
        "z": 7.1866,
        "p": 6.64347913e-13,
        "or": 4.30353333,
        "or_ci_lo": 2.89042467,
        "or_ci_hi": 6.40750106,
        "sig": "***"
      },
      "emot_stable": {
        "estimate": -1.760244,
        "se": 0.206481,
        "z": -8.525,
        "p": 1.52859607e-17,
        "or": 0.17200288,
        "or_ci_lo": 0.114756,
        "or_ci_hi": 0.25780778,
        "sig": "***"
      },
      "open_to_exp": {
        "estimate": 0.837835,
        "se": 0.201087,
        "z": 4.1665,
        "p": 0.00003093,
        "or": 2.31135825,
        "or_ci_lo": 1.55846896,
        "or_ci_hi": 3.42796494,
        "sig": "***"
      },
      "age": {
        "estimate": 0.015733,
        "se": 0.00727,
        "z": 2.1641,
        "p": 0.03045423,
        "or": 1.01585716,
        "or_ci_lo": 1.00148509,
        "or_ci_hi": 1.03043548,
        "sig": "*"
      }
    },
    "fit": {
      "aic": 8063.06,
      "bic": 8150,
      "n": 20000,
      "n_groups": 100,
      "re_variance": 0.79901
    },
    "warning": {}
  },
  "model3": {
    "type": "mention_interaction_logit",
    "formula": "stay_home ~ infection_pct + I(infection_pct^2) + male + extraverted + agreeable + conscientious + emot_stable + open_to_exp + age_years + mentioned_ext + mentioned_agr + mentioned_con + mentioned_neu + mentioned_ope + mentioned_infection + mentioned_age + conscientious:mentioned_con + (1 | agent_id)",
    "coefficients": {
      "intercept": {
        "estimate": -17.882648,
        "se": 253.931624,
        "z": -0.0704,
        "p": 0.94385692,
        "or": 1.71263448e-08,
        "or_ci_lo": 1.20977025e-224,
        "or_ci_hi": 2.4245238873120824e+208,
        "sig": ""
      },
      "infection_pct": {
        "estimate": 2.526083,
        "se": 0.069041,
        "z": 36.5879,
        "p": 4.45214128e-293,
        "or": 12.50443255,
        "or_ci_lo": 10.92181233,
        "or_ci_hi": 14.31638163,
        "sig": "***"
      },
      "infection_pct_sq": {
        "estimate": -0.298334,
        "se": 0.010402,
        "z": -28.6809,
        "p": 6.59821747e-181,
        "or": 0.74205373,
        "or_ci_lo": 0.72707825,
        "or_ci_hi": 0.75733766,
        "sig": "***"
      },
      "male": {
        "estimate": 0.278714,
        "se": 0.199643,
        "z": 1.3961,
        "p": 0.16269578,
        "or": 1.32142924,
        "or_ci_lo": 0.89352033,
        "or_ci_hi": 1.95426469,
        "sig": ""
      },
      "extraverted": {
        "estimate": -0.964293,
        "se": 0.205606,
        "z": -4.69,
        "p": 2.73188074e-06,
        "or": 0.38125263,
        "or_ci_lo": 0.25479904,
        "or_ci_hi": 0.57046355,
        "sig": "***"
      },
      "agreeable": {
        "estimate": 1.207378,
        "se": 0.198063,
        "z": 6.0959,
        "p": 1.08810834e-09,
        "or": 3.34470355,
        "or_ci_lo": 2.26862493,
        "or_ci_hi": 4.93119936,
        "sig": "***"
      },
      "conscientious": {
        "estimate": 1.325676,
        "se": 0.209182,
        "z": 6.3374,
        "p": 2.33614506e-10,
        "or": 3.76472858,
        "or_ci_lo": 2.49847323,
        "or_ci_hi": 5.67273689,
        "sig": "***"
      },
      "emot_stable": {
        "estimate": -1.895336,
        "se": 0.208619,
        "z": -9.0852,
        "p": 1.03539768e-19,
        "or": 0.15026782,
        "or_ci_lo": 0.09983576,
        "or_ci_hi": 0.22617564,
        "sig": "***"
      },
      "open_to_exp": {
        "estimate": 0.923406,
        "se": 0.201929,
        "z": 4.5729,
        "p": 4.80977179e-06,
        "or": 2.51785074,
        "or_ci_lo": 1.69490125,
        "or_ci_hi": 3.74037859,
        "sig": "***"
      },
      "mentioned_ext": {
        "estimate": -0.595974,
        "se": 0.193243,
        "z": -3.0841,
        "p": 0.00204192,
        "or": 0.55102534,
        "or_ci_lo": 0.37729389,
        "or_ci_hi": 0.80475442,
        "sig": "**"
      },
      "mentioned_agr": {
        "estimate": -0.887018,
        "se": 0.332533,
        "z": -2.6675,
        "p": 0.00764268,
        "or": 0.41188217,
        "or_ci_lo": 0.21464237,
        "or_ci_hi": 0.79037017,
        "sig": "**"
      },
      "mentioned_con": {
        "estimate": -4.354967,
        "se": 0.368328,
        "z": -11.8236,
        "p": 2.94689418e-32,
        "or": 0.01284286,
        "or_ci_lo": 0.00623929,
        "or_ci_hi": 0.02643556,
        "sig": "***"
      },
      "mentioned_neu": {
        "estimate": -0.009861,
        "se": 0.198838,
        "z": -0.0496,
        "p": 0.96044762,
        "or": 0.99018768,
        "or_ci_lo": 0.67059884,
        "or_ci_hi": 1.46208372,
        "sig": ""
      },
      "mentioned_ope": {
        "estimate": -2.763779,
        "se": 1.124091,
        "z": -2.4587,
        "p": 0.01394489,
        "or": 0.06305302,
        "or_ci_lo": 0.00696403,
        "or_ci_hi": 0.57088842,
        "sig": "*"
      },
      "mentioned_infection": {
        "estimate": 17.778963,
        "se": 253.931218,
        "z": 0.07,
        "p": 0.94418182,
        "or": 52638759.21135284,
        "or_ci_lo": 3.72125245e-209,
        "or_ci_hi": 7.445984950557405e+223,
        "sig": ""
      },
      "mentioned_age": {
        "estimate": 5.002217,
        "se": 1.024965,
        "z": 4.8804,