{
  "config_key": "openai_gpt-3_5-turbo_off",
  "label": "Openai gpt-3.5-turbo",
  "model1": {
    "type": "fixed_effects_logit",
    "coefficients": {
      "intercept": {
        "estimate": 0.899698,
        "se": 0.492737,
        "z": 1.8259,
        "p": 0.06786203,
        "or": 2.45886158,
        "or_ci_lo": 0.93606983,
        "or_ci_hi": 6.45892016,
        "sig": "."
      },
      "infection_pct": {
        "estimate": 4.388789,
        "se": 0.177471,
        "z": 24.7296,
        "p": 5.14011702e-135,
        "or": 80.54280428,
        "or_ci_lo": 56.88009309,
        "or_ci_hi": 114.0494498,
        "sig": "***"
      },
      "infection_pct_sq": {
        "estimate": -0.548019,
        "se": 0.025505,
        "z": -21.4864,
        "p": 2.08835035e-102,
        "or": 0.57809381,
        "or_ci_lo": 0.54990498,
        "or_ci_hi": 0.60772763,
        "sig": "***"
      }
    },
    "fit": {
      "aic": 2493.28,
      "bic": 3299.44,
      "n": 20000,
      "deviance": 2289.28,
      "null_deviance": 5080.38,
      "pseudo_r2": 0.5494
    }
  },
  "model2": {
    "type": "random_effects_logit",
    "coefficients": {
      "intercept": {
        "estimate": 2.353587,
        "se": 0.766492,
        "z": 3.0706,
        "p": 0.00213633,
        "or": 10.52324681,
        "or_ci_lo": 2.34260178,
        "or_ci_hi": 47.27168087,
        "sig": "**"
      },
      "infection_pct": {
        "estimate": 4.30114,
        "se": 0.173161,
        "z": 24.8389,
        "p": 3.40838697e-136,
        "or": 73.78386008,
        "or_ci_lo": 52.5488695,
        "or_ci_hi": 103.5999073,
        "sig": "***"
      },
      "infection_pct_sq": {
        "estimate": -0.536773,
        "se": 0.025066,
        "z": -21.4145,
        "p": 9.79384953e-102,
        "or": 0.58463172,
        "or_ci_lo": 0.55660339,
        "or_ci_hi": 0.61407144,
        "sig": "***"
      },
      "male": {
        "estimate": -0.324866,
        "se": 0.327895,
        "z": -0.9908,
        "p": 0.32180114,
        "or": 0.72262389,
        "or_ci_lo": 0.38001647,
        "or_ci_hi": 1.37411225,
        "sig": ""
      },
      "extraverted": {
        "estimate": -3.898961,
        "se": 0.445145,
        "z": -8.7589,
        "p": 1.9724312e-18,
        "or": 0.02026296,
        "or_ci_lo": 0.00846814,
        "or_ci_hi": 0.04848618,
        "sig": "***"
      },
      "agreeable": {
        "estimate": 1.436316,
        "se": 0.332552,
        "z": 4.3191,
        "p": 0.00001567,
        "or": 4.2051745,
        "or_ci_lo": 2.19134099,
        "or_ci_hi": 8.06971284,
        "sig": "***"
      },
      "conscientious": {
        "estimate": 0.769047,
        "se": 0.334928,
        "z": 2.2962,
        "p": 0.02166709,
        "or": 2.15770836,
        "or_ci_lo": 1.11917008,
        "or_ci_hi": 4.15996231,
        "sig": "*"
      },
      "emot_stable": {
        "estimate": 0.226296,
        "se": 0.326529,
        "z": 0.693,
        "p": 0.48828818,
        "or": 1.25394622,
        "or_ci_lo": 0.66119873,
        "or_ci_hi": 2.37807643,
        "sig": ""
      },
      "open_to_exp": {
        "estimate": -0.445521,
        "se": 0.334389,
        "z": -1.3323,
        "p": 0.18274808,
        "or": 0.64049066,
        "or_ci_lo": 0.33256369,
        "or_ci_hi": 1.23353301,
        "sig": ""
      },
      "age": {
        "estimate": 0.033417,
        "se": 0.011734,
        "z": 2.8479,
        "p": 0.0044015,
        "or": 1.03398127,
        "or_ci_lo": 1.01047253,
        "or_ci_hi": 1.05803695,
        "sig": "**"
      }
    },
    "fit": {
      "aic": 2508.2,
      "bic": 2595.14,
      "n": 20000,
      "n_groups": 100,
      "re_variance": 1.353882
    },
    "warning": {}
  },
  "model3": {
    "type": "mention_interaction_logit",
    "formula": "stay_home ~ infection_pct + I(infection_pct^2) + male + extraverted + agreeable + conscientious + emot_stable + open_to_exp + age_years + mentioned_ext + mentioned_agr + mentioned_con + mentioned_neu + mentioned_ope + mentioned_infection + mentioned_age + extraverted:mentioned_ext + (1 | agent_id)",
    "coefficients": {
      "intercept": {
        "estimate": 3.21004,
        "se": 0.81138,
        "z": 3.9563,
        "p": 0.00007613,
        "or": 24.78006603,
        "or_ci_lo": 5.05174958,
        "or_ci_hi": 121.55227866,
        "sig": "***"
      },
      "infection_pct": {
        "estimate": 6.135475,
        "se": 0.274803,
        "z": 22.3268,
        "p": 2.02956299e-110,
        "or": 461.95859149,
        "or_ci_lo": 269.57887566,
        "or_ci_hi": 791.62634582,
        "sig": "***"
      },
      "infection_pct_sq": {
        "estimate": -0.733807,
        "se": 0.042318,
        "z": -17.3402,
        "p": 2.33808295e-67,
        "or": 0.48007805,
        "or_ci_lo": 0.44186531,
        "or_ci_hi": 0.52159546,
        "sig": "***"
      },
      "male": {
        "estimate": -0.009879,
        "se": 0.282817,
        "z": -0.0349,
        "p": 0.97213487,
        "or": 0.9901696,
        "or_ci_lo": 0.56881491,
        "or_ci_hi": 1.7236465,
        "sig": ""
      },
      "extraverted": {
        "estimate": -4.925315,
        "se": 0.580065,
        "z": -8.491,
        "p": 2.04921228e-17,
        "or": 0.00726044,
        "or_ci_lo": 0.00232917,
        "or_ci_hi": 0.02263207,
        "sig": "***"
      },
      "agreeable": {
        "estimate": 1.322085,
        "se": 0.290852,
        "z": 4.5456,
        "p": 5.47910274e-06,
        "or": 3.75123418,
        "or_ci_lo": 2.12126864,
        "or_ci_hi": 6.63365196,
        "sig": "***"
      },
      "conscientious": {
        "estimate": 0.268466,
        "se": 0.298962,
        "z": 0.898,
        "p": 0.36918915,
        "or": 1.30795636,
        "or_ci_lo": 0.7279669,
        "or_ci_hi": 2.35003791,
        "sig": ""
      },
      "emot_stable": {
        "estimate": -0.299542,
        "se": 0.291902,
        "z": -1.0262,
        "p": 0.3048115,
        "or": 0.74115796,
        "or_ci_lo": 0.41825237,
        "or_ci_hi": 1.31335809,
        "sig": ""
      },
      "open_to_exp": {
        "estimate": -1.170849,
        "se": 0.296693,
        "z": -3.9463,
        "p": 0.00007936,
        "or": 0.31010356,
        "or_ci_lo": 0.17336303,
        "or_ci_hi": 0.55469854,
        "sig": "***"
      },
      "mentioned_ext": {
        "estimate": 14.651647,
        "se": 863.22998,
        "z": 0.017,
        "p": 0.98645811,
        "or": 2307433.85172204,
        "or_ci_lo": 0,
        "or_ci_hi": "Inf",
        "sig": ""
      },
      "mentioned_agr": {
        "estimate": -26.969347,
        "se": 1256.099107,
        "z": -0.0215,
        "p": 0.98287016,
        "or": 1.93803319e-12,
        "or_ci_lo": 0,
        "or_ci_hi": "Inf",
        "sig": ""
      },
      "mentioned_con": {
        "estimate": -3.493338,
        "se": 1007.144077,
        "z": -0.0035,
        "p": 0.9972325,
        "or": 0.03039924,
        "or_ci_lo": 0,
        "or_ci_hi": "Inf",
        "sig": ""
      },
      "mentioned_neu": {
        "estimate": 31.566467,
        "se": 7147.504063,
        "z": 0.0044,
        "p": 0.99647621,
        "or": 51184954592562,
        "or_ci_lo": 0,
        "or_ci_hi": "Inf",
        "sig": ""
      },
      "mentioned_ope": {
        "estimate": -3.843707,
        "se": 1007.144372,
        "z": -0.0038,
        "p": 0.99695493,
        "or": 0.02141408,
        "or_ci_lo": 0,
        "or_ci_hi": "Inf",
        "sig": ""
      },
      "mentioned_infection": {
        "estimate": 0.710261,
        "se": 3.780274,
        "z": 0.1879,
        "p": 0.85096594,
        "or": 2.0345222,
        "or_ci_lo": 0.00123205,
        "or_ci_hi": 3359.67307263,
        "sig": ""
      },
      "extraverted_mentioned_ext": {
        "estimate": -46.623596,
        "se": 6887.417482,
        "z": -0.0068,
        "p": 0.99459885,
        "or": 5.64455359e-21,
        "or_ci_lo": 0,
        "or_ci_hi": "Inf",