{
  "config_key": "openai_gpt-4_1_off",
  "label": "Openai gpt-4.1",
  "model1": {
    "type": "fixed_effects_logit",
    "coefficients": {
      "intercept": {
        "estimate": -25.098738,
        "se": 1104.841808,
        "z": -0.0227,
        "p": 0.98187598,
        "or": 1.25822008e-11,
        "or_ci_lo": 0,
        "or_ci_hi": "Inf",
        "sig": ""
      },
      "infection_pct": {
        "estimate": 2.157709,
        "se": 0.082443,
        "z": 26.1723,
        "p": 5.49566698e-151,
        "or": 8.65129719,
        "or_ci_lo": 7.3604566,
        "or_ci_hi": 10.16851904,
        "sig": "***"
      },
      "infection_pct_sq": {
        "estimate": -0.171262,
        "se": 0.010769,
        "z": -15.9036,
        "p": 5.97975111e-57,
        "or": 0.84260072,
        "or_ci_lo": 0.82500254,
        "or_ci_hi": 0.86057428,
        "sig": "***"
      }
    },
    "fit": {
      "aic": 5499.09,
      "bic": 6305.24,
      "n": 20000,
      "deviance": 5295.09,
      "null_deviance": 16335.9,
      "pseudo_r2": 0.6759
    }
  },
  "model2": {
    "type": "random_effects_logit",
    "coefficients": {
      "intercept": {
        "estimate": -10.244556,
        "se": 0.945956,
        "z": -10.8298,
        "p": 2.48584243e-27,
        "or": 0.00003555,
        "or_ci_lo": 5.56713384e-06,
        "or_ci_hi": 0.00022702,
        "sig": "***"
      },
      "infection_pct": {
        "estimate": 2.143119,
        "se": 0.081478,
        "z": 26.3031,
        "p": 1.76622638e-152,
        "or": 8.52599083,
        "or_ci_lo": 7.26757637,
        "or_ci_hi": 10.00230556,
        "sig": "***"
      },
      "infection_pct_sq": {
        "estimate": -0.170754,
        "se": 0.010637,
        "z": -16.0525,
        "p": 5.4875403e-58,
        "or": 0.84302867,
        "or_ci_lo": 0.82563437,
        "or_ci_hi": 0.86078944,
        "sig": "***"
      },
      "male": {
        "estimate": -0.082061,
        "se": 0.412768,
        "z": -0.1988,
        "p": 0.84241393,
        "or": 0.92121563,
        "or_ci_lo": 0.41020949,
        "or_ci_hi": 2.06879231,
        "sig": ""
      },
      "extraverted": {
        "estimate": -5.270611,
        "se": 0.444964,
        "z": -11.845,
        "p": 2.28366741e-32,
        "or": 0.00514047,
        "or_ci_lo": 0.00214902,
        "or_ci_hi": 0.012296,
        "sig": "***"
      },
      "agreeable": {
        "estimate": 2.483829,
        "se": 0.411997,
        "z": 6.0288,
        "p": 1.65223133e-09,
        "or": 11.98707312,
        "or_ci_lo": 5.34582207,
        "or_ci_hi": 26.87891969,
        "sig": "***"
      },
      "conscientious": {
        "estimate": 4.723539,
        "se": 0.452964,
        "z": 10.4281,
        "p": 1.84585161e-25,
        "or": 112.56597531,
        "or_ci_lo": 46.3272733,
        "or_ci_hi": 273.5127258,
        "sig": "***"
      },
      "emot_stable": {
        "estimate": -4.111705,
        "se": 0.446114,
        "z": -9.2167,
        "p": 3.06345837e-20,
        "or": 0.01637983,
        "or_ci_lo": 0.00683234,
        "or_ci_hi": 0.03926895,
        "sig": "***"
      },
      "open_to_exp": {
        "estimate": 3.392399,
        "se": 0.434885,
        "z": 7.8007,
        "p": 6.15782514e-15,
        "or": 29.73719421,
        "or_ci_lo": 12.67996487,
        "or_ci_hi": 69.73999758,
        "sig": "***"
      },
      "age": {
        "estimate": 0.013823,
        "se": 0.015339,
        "z": 0.9012,
        "p": 0.36748006,
        "or": 1.01391939,
        "or_ci_lo": 0.98389047,
        "or_ci_hi": 1.04486481,
        "sig": ""
      }
    },
    "fit": {
      "aic": 5569.78,
      "bic": 5656.72,
      "n": 20000,
      "n_groups": 100,
      "re_variance": 2.083742
    },
    "warning": {}
  },
  "model3": {
    "type": "mention_interaction_logit",
    "formula": "stay_home ~ infection_pct + I(infection_pct^2) + male + extraverted + agreeable + conscientious + emot_stable + open_to_exp + age_years + mentioned_ext + mentioned_agr + mentioned_con + mentioned_neu + mentioned_ope + mentioned_infection + mentioned_age + extraverted:mentioned_ext + agreeable:mentioned_agr + conscientious:mentioned_con + emot_stable:mentioned_neu + open_to_exp:mentioned_ope + (1 | agent_id)",
    "coefficients": {
      "intercept": {
        "estimate": -24.546056,
        "se": 378.417155,
        "z": -0.0649,
        "p": 0.94828143,
        "or": 2.1866709e-11,
        "or_ci_lo": 0,
        "or_ci_hi": "Inf",
        "sig": ""
      },
      "infection_pct": {
        "estimate": 2.246458,
        "se": 0.090813,
        "z": 24.7373,
        "p": 4.25043243e-135,
        "or": 9.45419006,
        "or_ci_lo": 7.91266908,
        "or_ci_hi": 11.29602525,
        "sig": "***"
      },
      "infection_pct_sq": {
        "estimate": -0.184621,
        "se": 0.012072,
        "z": -15.293,
        "p": 8.51133281e-53,
        "or": 0.8314191,
        "or_ci_lo": 0.81197728,
        "or_ci_hi": 0.85132642,
        "sig": "***"
      },
      "male": {
        "estimate": 0.033031,
        "se": 0.417146,
        "z": 0.0792,
        "p": 0.93688647,
        "or": 1.0335828,
        "or_ci_lo": 0.45631333,
        "or_ci_hi": 2.34114004,
        "sig": ""
      },
      "extraverted": {
        "estimate": -4.337405,
        "se": 0.489323,
        "z": -8.8641,
        "p": 7.7134127e-19,
        "or": 0.0130704,
        "or_ci_lo": 0.0050092,
        "or_ci_hi": 0.03410432,
        "sig": "***"
      },
      "agreeable": {
        "estimate": 1.697721,
        "se": 0.420567,
        "z": 4.0367,
        "p": 0.0000542,
        "or": 5.46148567,
        "or_ci_lo": 2.39506455,
        "or_ci_hi": 12.45387134,
        "sig": "***"
      },
      "conscientious": {
        "estimate": 4.820776,
        "se": 0.530674,
        "z": 9.0843,
        "p": 1.04414671e-19,
        "or": 124.06132686,
        "or_ci_lo": 43.84474992,
        "or_ci_hi": 351.03890087,
        "sig": "***"
      },
      "emot_stable": {
        "estimate": -1.976844,
        "se": 0.475535,
        "z": -4.1571,
        "p": 0.00003223,
        "or": 0.13850569,
        "or_ci_lo": 0.05453609,
        "or_ci_hi": 0.35176387,
        "sig": "***"
      },
      "open_to_exp": {
        "estimate": 2.654205,
        "se": 0.438391,
        "z": 6.0544,
        "p": 1.40919856e-09,
        "or": 14.21368859,
        "or_ci_lo": 6.01922882,
        "or_ci_hi": 33.56392474,
        "sig": "***"
      },
      "mentioned_ext": {
        "estimate": 3.154137,
        "se": 0.202086,
        "z": 15.6079,
        "p": 6.43358403e-55,
        "or": 23.43281046,
        "or_ci_lo": 15.76903701,
        "or_ci_hi": 34.82118824,
        "sig": "***"
      },
      "mentioned_agr": {
        "estimate": -2.441272,
        "se": 0.284044,
        "z": -8.5947,
        "p": 8.34817938e-18,
        "or": 0.08705007,
        "or_ci_lo": 0.04988686,
        "or_ci_hi": 0.15189802,
        "sig": "***"
      },
      "mentioned_con": {
        "estimate": -1.328385,
        "se": 0.234425,
        "z": -5.6666,
        "p": 1.45685526e-08,
        "or": 0.26490477,
        "or_ci_lo": 0.16731823,
        "or_ci_hi": 0.4194076,
        "sig": "***"
      },
      "mentioned_neu": {
        "estimate": 1.829882,
        "se": 0.172796,
        "z": 10.5899,
        "p": 3.32114179e-26,
        "or": 6.23315012,
        "or_ci_lo": 4.44243262,
        "or_ci_hi": 8.74569491,
        "sig": "***"
      },
      "mentioned_ope": {
        "estimate": -4.796007,
        "se": 0.93477,
        "z": -5.1307,
        "p": 2.88697125e-07,
        "or": 0.00826267,
        "or_ci_lo": 0.0013226,
        "or_ci_hi": 0.05161942,
        "sig": "***"
      },
      "mentioned_infection": {
        "estimate": 14.346831,
        "se": 378.415958,
        "z": 0.0379,
        "p": 0.96975716,
        "or": 1701176.3749181,
        "or_ci_lo": 1.30792501e-316,
        "or_ci_hi": "Inf",
        "sig": ""
      },