{
  "config_key": "openai_gpt-4_1_off",
  "label": "Openai gpt-4.1",
  "model1": {
    "type": "fixed_effects_logit",
    "coefficients": {
      "intercept": {
        "estimate": -25.098738,
        "se": 1104.841808,
        "z": -0.0227,
        "p": 0.98187598,
        "or": 1.25822008e-11,
        "or_ci_lo": 0,
        "or_ci_hi": "Inf",
        "sig": ""
      },
      "infection_pct": {
        "estimate": 2.157709,
        "se": 0.082443,
        "z": 26.1723,
        "p": 5.49566698e-151,
        "or": 8.65129719,
        "or_ci_lo": 7.3604566,
        "or_ci_hi": 10.16851904,
        "sig": "***"
      },
      "infection_pct_sq": {
        "estimate": -0.171262,
        "se": 0.010769,
        "z": -15.9036,
        "p": 5.97975111e-57,
        "or": 0.84260072,
        "or_ci_lo": 0.82500254,
        "or_ci_hi": 0.86057428,
        "sig": "***"
      }
    },
    "fit": {
      "aic": 5499.09,
      "bic": 6305.24,
      "n": 20000,
      "deviance": 5295.09,
      "null_deviance": 16335.9,
      "pseudo_r2": 0.6759
    }
  },
  "model2": {
    "type": "random_effects_logit",
    "coefficients": {
      "intercept": {
        "estimate": -10.244556,
        "se": 0.945956,
        "z": -10.8298,
        "p": 2.48584243e-27,
        "or": 0.00003555,
        "or_ci_lo": 5.56713384e-06,
        "or_ci_hi": 0.00022702,
        "sig": "***"
      },
      "infection_pct": {
        "estimate": 2.143119,
        "se": 0.081478,
        "z": 26.3031,
        "p": 1.76622638e-152,
        "or": 8.52599083,
        "or_ci_lo": 7.26757637,
        "or_ci_hi": 10.00230556,
        "sig": "***"
      },
      "infection_pct_sq": {
        "estimate": -0.170754,
        "se": 0.010637,
        "z": -16.0525,
        "p": 5.4875403e-58,
        "or": 0.84302867,
        "or_ci_lo": 0.82563437,
        "or_ci_hi": 0.86078944,
        "sig": "***"
      },
      "male": {
        "estimate": -0.082061,
        "se": 0.412768,
        "z": -0.1988,
        "p": 0.84241393,
        "or": 0.92121563,
        "or_ci_lo": 0.41020949,
        "or_ci_hi": 2.06879231,
        "sig": ""
      },
      "extraverted": {
        "estimate": -5.270611,
        "se": 0.444964,
        "z": -11.845,
        "p": 2.28366741e-32,
        "or": 0.00514047,
        "or_ci_lo": 0.00214902,
        "or_ci_hi": 0.012296,
        "sig": "***"
      },
      "agreeable": {
        "estimate": 2.483829,
        "se": 0.411997,
        "z": 6.0288,
        "p": 1.65223133e-09,
        "or": 11.98707312,
        "or_ci_lo": 5.34582207,
        "or_ci_hi": 26.87891969,
        "sig": "***"
      },
      "conscientious": {
        "estimate": 4.723539,
        "se": 0.452964,
        "z": 10.4281,
        "p": 1.84585161e-25,
        "or": 112.56597531,
        "or_ci_lo": 46.3272733,
        "or_ci_hi": 273.5127258,
        "sig": "***"
      },
      "emot_stable": {
        "estimate": -4.111705,
        "se": 0.446114,
        "z": -9.2167,
        "p": 3.06345837e-20,
        "or": 0.01637983,
        "or_ci_lo": 0.00683234,
        "or_ci_hi": 0.03926895,
        "sig": "***"
      },
      "open_to_exp": {
        "estimate": 3.392399,
        "se": 0.434885,
        "z": 7.8007,
        "p": 6.15782514e-15,
        "or": 29.73719421,
        "or_ci_lo": 12.67996487,
        "or_ci_hi": 69.73999758,
        "sig": "***"
      },
      "age": {
        "estimate": 0.013823,
        "se": 0.015339,
        "z": 0.9012,
        "p": 0.36748006,
        "or": 1.01391939,
        "or_ci_lo": 0.98389047,
        "or_ci_hi": 1.04486481,
        "sig": ""
      }
    },
    "fit": {
      "aic": 5569.78,
      "bic": 5656.72,
      "n": 20000,
      "n_groups": 100,
      "re_variance": 2.083742
    },
    "warning": {}
  }
}
