{
  "config_key": "openai_gpt-5_2_high",
  "label": "Openai gpt-5.2 (high)",
  "model1": {
    "type": "fixed_effects_logit",
    "coefficients": {
      "intercept": {
        "estimate": 0.68945,
        "se": 0.333958,
        "z": 2.0645,
        "p": 0.03897216,
        "or": 1.99261978,
        "or_ci_lo": 1.03550807,
        "or_ci_hi": 3.83438206,
        "sig": "*"
      },
      "infection_pct": {
        "estimate": 2.372503,
        "se": 0.064697,
        "z": 36.6712,
        "p": 2.10106941e-294,
        "or": 10.72419991,
        "or_ci_lo": 9.44700286,
        "or_ci_hi": 12.17406891,
        "sig": "***"
      },
      "infection_pct_sq": {
        "estimate": -0.277665,
        "se": 0.009805,
        "z": -28.3193,
        "p": 2.00167619e-176,
        "or": 0.75755065,
        "or_ci_lo": 0.74313148,
        "or_ci_hi": 0.7722496,
        "sig": "***"
      }
    },
    "fit": {
      "aic": 7935.41,
      "bic": 8741.56,
      "n": 20000,
      "deviance": 7731.41
    }
  },
  "model2": {
    "type": "random_effects_logit",
    "coefficients": {
      "intercept": {
        "estimate": -0.647908,
        "se": 0.44545,
        "z": -1.4545,
        "p": 0.14580767,
        "or": 0.52313912,
        "or_ci_lo": 0.21849529,
        "or_ci_hi": 1.25254205,
        "sig": ""
      },
      "infection_pct": {
        "estimate": 2.321079,
        "se": 0.062995,
        "z": 36.8457,
        "p": 3.43012508e-297,
        "or": 10.18666035,
        "or_ci_lo": 9.00346602,
        "or_ci_hi": 11.52534468,
        "sig": "***"
      },
      "infection_pct_sq": {
        "estimate": -0.271772,
        "se": 0.009605,
        "z": -28.2936,
        "p": 4.14298809e-176,
        "or": 0.7620283,
        "or_ci_lo": 0.74781611,
        "or_ci_hi": 0.77651061,
        "sig": "***"
      },
      "male": {
        "estimate": 0.24671,
        "se": 0.198965,
        "z": 1.24,
        "p": 0.21498809,
        "or": 1.2798079,
        "or_ci_lo": 0.86652722,
        "or_ci_hi": 1.89019827,
        "sig": ""
      },
      "extraverted": {
        "estimate": -0.878075,
        "se": 0.204256,
        "z": -4.2989,
        "p": 0.00001717,
        "or": 0.41558221,
        "or_ci_lo": 0.2784778,
        "or_ci_hi": 0.62018796,
        "sig": "***"
      },
      "agreeable": {
        "estimate": 1.317943,
        "se": 0.197312,
        "z": 6.6795,
        "p": 2.39759452e-11,
        "or": 3.7357284,
        "or_ci_lo": 2.53758303,
        "or_ci_hi": 5.49959016,
        "sig": "***"
      },
      "conscientious": {
        "estimate": 1.459436,
        "se": 0.203078,
        "z": 7.1866,
        "p": 6.64347913e-13,
        "or": 4.30353333,
        "or_ci_lo": 2.89042467,
        "or_ci_hi": 6.40750106,
        "sig": "***"
      },
      "emot_stable": {
        "estimate": -1.760244,
        "se": 0.206481,
        "z": -8.525,
        "p": 1.52859607e-17,
        "or": 0.17200288,
        "or_ci_lo": 0.114756,
        "or_ci_hi": 0.25780778,
        "sig": "***"
      },
      "open_to_exp": {
        "estimate": 0.837835,
        "se": 0.201087,
        "z": 4.1665,
        "p": 0.00003093,
        "or": 2.31135825,
        "or_ci_lo": 1.55846896,
        "or_ci_hi": 3.42796494,
        "sig": "***"
      },
      "age": {
        "estimate": 0.015733,
        "se": 0.00727,
        "z": 2.1641,
        "p": 0.03045423,
        "or": 1.01585716,
        "or_ci_lo": 1.00148509,
        "or_ci_hi": 1.03043548,
        "sig": "*"
      }
    },
    "fit": {
      "aic": 8063.06,
      "bic": 8150,
      "n": 20000,
      "n_groups": 100,
      "re_variance": 0.79901
    },
    "warning": {}
  }
}
