{
  "config_key": "openai_gpt-5_1_off",
  "label": "Openai gpt-5.1",
  "model1": {
    "type": "fixed_effects_logit",
    "coefficients": {
      "intercept": {
        "estimate": -2.33079,
        "se": 0.192886,
        "z": -12.0838,
        "p": 1.28633953e-33,
        "or": 0.09721889,
        "or_ci_lo": 0.06661364,
        "or_ci_hi": 0.14188554,
        "sig": "***"
      },
      "infection_pct": {
        "estimate": 1.979556,
        "se": 0.047176,
        "z": 41.9608,
        "p": 0,
        "or": 7.23952576,
        "or_ci_lo": 6.60013519,
        "or_ci_hi": 7.94085752,
        "sig": "***"
      },
      "infection_pct_sq": {
        "estimate": -0.150357,
        "se": 0.008115,
        "z": -18.5283,
        "p": 1.22100384e-76,
        "or": 0.86040044,
        "or_ci_lo": 0.84682366,
        "or_ci_hi": 0.87419489,
        "sig": "***"
      }
    },
    "fit": {
      "aic": 14105.46,
      "bic": 14911.62,
      "n": 20000,
      "deviance": 13901.46
    }
  },
  "model2": {
    "type": "random_effects_logit",
    "coefficients": {
      "intercept": {
        "estimate": -1.849574,
        "se": 0.722256,
        "z": -2.5608,
        "p": 0.01044227,
        "or": 0.15730412,
        "or_ci_lo": 0.03818945,
        "or_ci_hi": 0.64794308,
        "sig": "*"
      },
      "infection_pct": {
        "estimate": 1.979612,
        "se": 0.046606,
        "z": 42.4751,
        "p": 0,
        "or": 7.23993346,
        "or_ci_lo": 6.60788437,
        "or_ci_hi": 7.93243851,
        "sig": "***"
      },
      "infection_pct_sq": {
        "estimate": -0.152165,
        "se": 0.007933,
        "z": -19.1804,
        "p": 5.39199201e-82,
        "or": 0.85884616,
        "or_ci_lo": 0.84559491,
        "or_ci_hi": 0.87230506,
        "sig": "***"
      },
      "male": {
        "estimate": -0.510019,
        "se": 0.324745,
        "z": -1.5705,
        "p": 0.11629371,
        "or": 0.60048391,
        "or_ci_lo": 0.3177406,
        "or_ci_hi": 1.13482799,
        "sig": ""
      },
      "extraverted": {
        "estimate": -2.231242,
        "se": 0.331378,
        "z": -6.7332,
        "p": 1.65946869e-11,
        "or": 0.10739501,
        "or_ci_lo": 0.0560931,
        "or_ci_hi": 0.20561687,
        "sig": "***"
      },
      "agreeable": {
        "estimate": 0.582674,
        "se": 0.321684,
        "z": 1.8113,
        "p": 0.0700905,
        "or": 1.79082158,
        "or_ci_lo": 0.9532994,
        "or_ci_hi": 3.36414973,
        "sig": "."
      },
      "conscientious": {
        "estimate": 0.612066,
        "se": 0.32944,
        "z": 1.8579,
        "p": 0.06318364,
        "or": 1.84423789,
        "or_ci_lo": 0.9669226,
        "or_ci_hi": 3.51756528,
        "sig": "."
      },
      "emot_stable": {
        "estimate": -1.527919,
        "se": 0.33223,
        "z": -4.599,
        "p": 4.24567431e-06,
        "or": 0.21698675,
        "or_ci_lo": 0.11314446,
        "or_ci_hi": 0.41613397,
        "sig": "***"
      },
      "open_to_exp": {
        "estimate": 2.798861,
        "se": 0.329413,
        "z": 8.4965,
        "p": 1.95366045e-17,
        "or": 16.4259194,
        "or_ci_lo": 8.61247371,
        "or_ci_hi": 31.32791309,
        "sig": "***"
      },
      "age": {
        "estimate": -0.010652,
        "se": 0.011885,
        "z": -0.8963,
        "p": 0.37010486,
        "or": 0.98940431,
        "or_ci_lo": 0.96662298,
        "or_ci_hi": 1.01272256,
        "sig": ""
      }
    },
    "fit": {
      "aic": 14415.9,
      "bic": 14502.84,
      "n": 20000,
      "n_groups": 100,
      "re_variance": 2.419888
    },
    "warning": {}
  }
}
