{
  "config_key": "openai_gpt-4o_off",
  "label": "Openai gpt-4o",
  "model1": {
    "type": "fixed_effects_logit",
    "coefficients": {
      "intercept": {
        "estimate": -26.777376,
        "se": 1717.260851,
        "z": -0.0156,
        "p": 0.98755903,
        "or": 2.34819142e-12,
        "or_ci_lo": 0,
        "or_ci_hi": "Inf",
        "sig": ""
      },
      "infection_pct": {
        "estimate": 1.623598,
        "se": 0.13231,
        "z": 12.2711,
        "p": 1.29434481e-34,
        "or": 5.07130312,
        "or_ci_lo": 3.91286355,
        "or_ci_hi": 6.57270948,
        "sig": "***"
      },
      "infection_pct_sq": {
        "estimate": -0.054706,
        "se": 0.016185,
        "z": -3.38,
        "p": 0.00072476,
        "or": 0.94676353,
        "or_ci_lo": 0.91720111,
        "or_ci_hi": 0.97727878,
        "sig": "***"
      }
    },
    "fit": {
      "aic": 2852.4,
      "bic": 3658.56,
      "n": 20000,
      "deviance": 2648.4,
      "null_deviance": 6926.12,
      "pseudo_r2": 0.6176
    }
  },
  "model2": {
    "type": "random_effects_logit",
    "coefficients": {
      "intercept": {
        "estimate": -9.154447,
        "se": 1.525449,
        "z": -6.0012,
        "p": 1.95924458e-09,
        "or": 0.00010575,
        "or_ci_lo": 5.31846188e-06,
        "or_ci_hi": 0.00210263,
        "sig": "***"
      },
      "infection_pct": {
        "estimate": 1.639997,
        "se": 0.132022,
        "z": 12.4221,
        "p": 1.98271246e-35,
        "or": 5.15515259,
        "or_ci_lo": 3.9798047,
        "or_ci_hi": 6.67761364,
        "sig": "***"
      },
      "infection_pct_sq": {
        "estimate": -0.058761,
        "se": 0.016027,
        "z": -3.6664,
        "p": 0.00024596,
        "or": 0.94293168,
        "or_ci_lo": 0.91377203,
        "or_ci_hi": 0.97302185,
        "sig": "***"
      },
      "male": {
        "estimate": 0.528749,
        "se": 0.693988,
        "z": 0.7619,
        "p": 0.44612045,
        "or": 1.69680786,
        "or_ci_lo": 0.43540955,
        "or_ci_hi": 6.61252583,
        "sig": ""
      },
      "extraverted": {
        "estimate": -4.4394,
        "se": 0.734607,
        "z": -6.0432,
        "p": 1.51053955e-09,
        "or": 0.01180302,
        "or_ci_lo": 0.00279694,
        "or_ci_hi": 0.04980842,
        "sig": "***"
      },
      "agreeable": {
        "estimate": 1.796951,
        "se": 0.702265,
        "z": 2.5588,
        "p": 0.01050361,
        "or": 6.03122897,
        "or_ci_lo": 1.52274042,
        "or_ci_hi": 23.88832809,
        "sig": "*"
      },
      "conscientious": {
        "estimate": 2.261264,
        "se": 0.695779,
        "z": 3.25,
        "p": 0.00115416,
        "or": 9.59521428,
        "or_ci_lo": 2.45355202,
        "or_ci_hi": 37.52442844,
        "sig": "**"
      },
      "emot_stable": {
        "estimate": -1.316418,
        "se": 0.693458,
        "z": -1.8983,
        "p": 0.0576514,
        "or": 0.26809385,
        "or_ci_lo": 0.06886581,
        "or_ci_hi": 1.04368645,
        "sig": "."
      },
      "open_to_exp": {
        "estimate": 0.294826,
        "se": 0.701421,
        "z": 0.4203,
        "p": 0.6742471,
        "or": 1.34289246,
        "or_ci_lo": 0.33960912,
        "or_ci_hi": 5.31010518,
        "sig": ""
      },
      "age": {
        "estimate": -0.036185,
        "se": 0.025636,
        "z": -1.4115,
        "p": 0.15810642,
        "or": 0.96446201,
        "or_ci_lo": 0.91719793,
        "or_ci_hi": 1.01416165,
        "sig": ""
      }
    },
    "fit": {
      "aic": 2929.57,
      "bic": 3016.51,
      "n": 20000,
      "n_groups": 100,
      "re_variance": 6.314089
    },
    "warning": {}
  },
  "model3": {
    "type": "mention_interaction_logit",
    "formula": "stay_home ~ infection_pct + I(infection_pct^2) + male + extraverted + agreeable + conscientious + emot_stable + open_to_exp + age_years + mentioned_ext + mentioned_agr + mentioned_con + mentioned_neu + mentioned_ope + mentioned_infection + mentioned_age + extraverted:mentioned_ext + agreeable:mentioned_agr + conscientious:mentioned_con + emot_stable:mentioned_neu + open_to_exp:mentioned_ope + infection_pct:mentioned_infection + (1 | agent_id)",
    "coefficients": {
      "intercept": {
        "estimate": -0.376476,
        "se": 2.05508,
        "z": -0.1832,
        "p": 0.8546465,
        "or": 0.68627528,
        "or_ci_lo": 0.01222304,
        "or_ci_hi": 38.53164123,
        "sig": ""
      },
      "infection_pct": {
        "estimate": -3.562496,
        "se": 0.636171,
        "z": -5.5999,
        "p": 2.14475473e-08,
        "or": 0.02836792,
        "or_ci_lo": 0.00815281,
        "or_ci_hi": 0.0987069,
        "sig": "***"
      },
      "infection_pct_sq": {
        "estimate": 0.015573,
        "se": 0.021626,
        "z": 0.7201,
        "p": 0.47145998,
        "or": 1.01569484,
        "or_ci_lo": 0.97354244,
        "or_ci_hi": 1.05967234,
        "sig": ""
      },
      "male": {
        "estimate": 1.151829,
        "se": 0.816628,
        "z": 1.4105,
        "p": 0.15840104,
        "or": 3.16397509,
        "or_ci_lo": 0.63841809,
        "or_ci_hi": 15.68053692,
        "sig": ""
      },
      "extraverted": {
        "estimate": 1.120547,
        "se": 1.109885,
        "z": 1.0096,
        "p": 0.31268375,
        "or": 3.06653097,
        "or_ci_lo": 0.34825271,
        "or_ci_hi": 27.00226556,
        "sig": ""
      },
      "agreeable": {
        "estimate": 1.526864,
        "se": 0.844274,
        "z": 1.8085,
        "p": 0.0705297,
        "or": 4.60371746,
        "or_ci_lo": 0.87993005,
        "or_ci_hi": 24.08624929,
        "sig": "."
      },
      "conscientious": {
        "estimate": 1.731828,
        "se": 0.85571,
        "z": 2.0239,
        "p": 0.04298557,
        "or": 5.65097495,
        "or_ci_lo": 1.05615737,
        "or_ci_hi": 30.23556804,
        "sig": "*"
      },
      "emot_stable": {
        "estimate": 0.654198,
        "se": 0.808058,
        "z": 0.8096,
        "p": 0.41817373,
        "or": 1.9236,
        "or_ci_lo": 0.39471367,
        "or_ci_hi": 9.37448405,
        "sig": ""
      },
      "open_to_exp": {
        "estimate": -0.093542,
        "se": 0.844494,
        "z": -0.1108,
        "p": 0.91180134,
        "or": 0.9106999,
        "or_ci_lo": 0.17399119,
        "or_ci_hi": 4.76676021,
        "sig": ""
      },
      "mentioned_ext": {
        "estimate": 2.892015,
        "se": 0.210676,
        "z": 13.7273,
        "p": 6.9687947e-43,
        "or": 18.02960239,
        "or_ci_lo": 11.930397,
        "or_ci_hi": 27.24691914,
        "sig": "***"
      },
      "mentioned_agr": {
        "estimate": 2.182169,
        "se": 1.29628,
        "z": 1.6834,
        "p": 0.09229604,
        "or": 8.86551571,
        "or_ci_lo": 0.6986956,
        "or_ci_hi": 112.49157571,
        "sig": "."
      },
      "mentioned_con": {
        "estimate": -4.204379,
        "se": 1.419424,
        "z": -2.962,
        "p": 0.00305616,
        "or": 0.01493006,
        "or_ci_lo": 0.00092432,
        "or_ci_hi": 0.24115679,
        "sig": "**"
      },
      "mentioned_neu": {
        "estimate": 0.568486,
        "se": 0.206658,
        "z": 2.7509,
        "p": 0.00594405,
        "or": 1.76559261,
        "or_ci_lo": 1.17755016,
        "or_ci_hi": 2.64729043,
        "sig": "**"
      },
      "mentioned_ope": {
        "estimate": 0.146765,
        "se": 1.527841,
        "z": 0.0961,
        "p": 0.92347253,
        "or": 1.15808191,
        "or_ci_lo": 0.05797158,
        "or_ci_hi": 23.134674,
        "sig": ""
      },
      "mentioned_infection": {
        "estimate": -9.352112,
        "se": 1.064698,
        "z": -8.7838,
        "p": 1.58021915e-18,
        "or": 0.00008678,
        "or_ci_lo": 0.00001077,
        "or_ci_hi": 0.00069939,
        "sig": "***"
      },
      "extraverted_mentioned_ext": {
        "estimate": -8.207568,
        "se": 0.899804,